,Unnamed: 0,timestamp,total_power,p0,p1,p2,p3,p4,p5,p6,cluster
0,0,2022-09-29 21:44:53.152000+00:00,100.0,-2.0,1.5267258638534786,2.0,2.0,1.0014120761026577,0.8706120380319848,2.0,4
1,1,2022-09-29 21:44:53.279000+00:00,0.0,-2.0,-0.4754849057661726,-0.06680024415287,-0.9620036754895024,-0.4101834504370719,-0.2594858433304457,-0.4749097002913428,0
2,2,2022-09-29 21:44:53.406000+00:00,79.69016734127209,-2.0,0.2166326786273373,2.0,-0.8538331757852299,0.7823468448838634,-0.0527339716297518,2.0,4
3,3,2022-09-29 21:44:53.533000+00:00,74.88301232311984,-2.0,-0.5233969892417174,-0.3603123677594685,-0.4289200340092944,0.7221458801968988,2.0,0.4621324572754113,0
4,4,2022-09-29 21:44:53.660000+00:00,53.743149998949086,-0.748173986185509,-0.2009154118468707,1.837957100325224,0.1883281677243092,-0.0451491350267083,-0.0919500212893656,-0.2868458213128919,2
5,5,2022-09-29 21:44:53.787000+00:00,61.08548905714516,-0.1978841238167202,-0.0600432124127745,0.332606254942052,-0.0360584709381609,-0.1501083958823543,-0.4161468359902298,0.3822388680422999,2
6,6,2022-09-29 21:44:53.914000+00:00,79.95043737376851,-0.2588971575097807,-0.2663066445215963,-0.0002994220388931,0.3603779513387518,-0.5081577898945081,-0.7378053717659458,1.640235378025083,1
7,7,2022-09-29 21:44:54.041000+00:00,39.446184713857726,-0.3344907196760653,-0.3339189809169281,-0.3324550436880468,-1.0114677543349184,-0.6032603891915291,-0.7138359356650509,-0.0627456178175711,1
8,8,2022-09-29 21:44:54.168000+00:00,40.68895045833784,-0.3318346362216331,0.5827440658026943,0.5726107982785319,-0.7161449043320841,0.0639286018714399,-0.1189660699591264,-0.8172896553344456,2
9,9,2022-09-29 21:44:54.295000+00:00,38.86367305834194,-0.4104039746704936,0.2055185476852705,1.1930045804785914,-0.2217364881122244,-0.575280703791196,-0.657358512050953,-0.5909926661949808,2
10,10,2022-09-29 21:44:54.422000+00:00,61.84300534111221,-0.5063442371624628,0.6688809167977104,-1.319020245909048,-0.0451629002811444,0.2213978207662824,1.3574336340939754,-0.2902044248259288,1
11,11,2022-09-29 21:44:54.549000+00:00,85.05024747903882,-0.5656828433417644,-0.3901257969948556,-1.1077937043965531,0.4046937359465908,2.0,-0.5604464067202588,1.4114223773677914,4
12,12,2022-09-29 21:44:54.676000+00:00,100.0,-0.6649582908845395,-0.8736565640962631,-1.2097418028133702,1.4341518148843748,-0.7240490579380997,2.0,2.0,3
13,13,2022-09-29 21:44:54.803000+00:00,74.76892677310872,-0.9070319378595608,-0.3197107379305481,-0.5220543767861334,0.8206352414342659,0.0761912754461665,0.322384356639911,0.943866970909416,0
14,14,2022-09-29 21:44:54.930000+00:00,40.68891541466712,-1.0816752739654276,-1.0255139509758444,-0.0847251796435434,-0.1348807615569566,0.0664289050074614,0.7380350885816335,-0.7736436268736758,0
15,15,2022-09-29 21:44:55.057000+00:00,80.23595146905957,-0.9686396133418472,-0.9755896631430104,-0.5826184548275027,0.8782791936902451,-0.5899108132591478,0.3981078969488811,1.435994351203743,0
16,16,2022-09-29 21:44:55.184000+00:00,40.55895314566882,-0.739879394151084,-0.8279893023513517,-0.1355495600579577,0.0700261221965426,0.1784853958552215,0.4040021926573925,-0.8034134591067792,0
17,17,2022-09-29 21:44:55.311000+00:00,32.3382470107635,-0.540854715277293,-0.1452806241657012,1.164002172304824,-0.3106984377684743,-0.7168841359430363,-0.8234046277654264,-0.6820201925508589,1
18,18,2022-09-29 21:44:55.438000+00:00,92.48529588917246,-0.2340289230576357,-0.1381307696630715,2.0,-0.8270363946118444,2.0,-0.8505532085694243,1.4620072279024838,4
19,19,2022-09-29 21:44:55.565000+00:00,61.98660016245472,0.2220766567634937,0.0252434461988912,0.0187942799805355,-0.3191053145048818,-0.3727281215460402,0.0724616937783204,0.14216320358471,2
20,20,2022-09-29 21:44:55.692000+00:00,68.83221510153561,0.5751221907390812,-0.4849482094332106,1.8061937631507627,-0.8451886060057686,-0.0094488177789349,-0.8301087201736109,0.5668982849928547,2
21,21,2022-09-29 21:44:55.819000+00:00,78.06818029045893,0.5896048786942236,-0.0606982557336358,0.2434040645982316,0.7148100985012845,-1.0693408720981357,-0.6837397295233402,1.1816270897943375,3
22,22,2022-09-29 21:44:55.946000+00:00,61.67892254807682,0.2750528687465768,-0.7949708125250837,0.6012435897081577,-0.0789609698829852,-0.2800294076224005,-0.584641846155792,0.3933780567814472,2
23,23,2022-09-29 21:44:56.073000+00:00,49.92288429060766,-0.1685975600043876,-0.5634812048297628,-0.0824090527751013,0.9151146341022106,-0.6754635245014461,1.3175918870218288,-1.0455270108965848,2
24,24,2022-09-29 21:44:56.200000+00:00,32.349885075211745,-0.4895585016434006,-0.5940692179850391,0.2360936015411879,0.0316608815187881,-0.9701549548852414,0.0244935800943902,-0.9349460412447824,0
25,25,2022-09-29 21:44:56.327000+00:00,65.2456615240481,-0.5711546617120058,0.6442595804456526,-0.2928840259163667,0.5327286788900111,0.3479578189499864,-0.2706894824243896,0.4848969802836667,3
26,26,2022-09-29 21:44:56.454000+00:00,39.23495637021404,-0.52297602471671,0.1105787902382632,-0.3637751808820295,-0.1544242931624263,-0.1772311916138545,-0.1535664824125975,-0.596775747835506,1
27,27,2022-09-29 21:44:56.581000+00:00,41.02086845602246,-0.5313266377529399,0.9571121093239452,1.66641502841706,-0.5260019132017384,0.8095084018997666,-0.3219220832975977,-1.0700101398751465,2
28,28,2022-09-29 21:44:56.708000+00:00,68.80851491834524,-0.6385308684073019,1.1619420600217627,-1.0839189028642755,-0.6328925981745396,2.0,-0.1573481474592458,0.276928416079048,4
29,29,2022-09-29 21:44:56.835000+00:00,38.80966405415315,-0.7119492734375157,-0.7298124473129973,0.1321640097592556,-0.2101147649224672,-0.6705744609114538,-0.9710057037719072,0.0349795732186356,0
30,30,2022-09-29 21:44:56.962000+00:00,45.15371507073184,-0.6885040898797785,-0.5861581625374651,0.3011052382605017,-0.4311600525721884,0.7491632968552913,-0.0810243203131808,-0.4856408694717046,0
31,31,2022-09-29 21:44:57.089000+00:00,26.764051510114392,-0.6979988524707489,0.1549205413962459,-0.274775835725483,-0.3015591642275023,1.0889543427047936,-0.8867769907389045,-1.0415374651273883,0
32,32,2022-09-29 21:44:57.216000+00:00,56.34281167825385,-0.8096219707993664,1.2789047772417188,0.4323806131052115,0.0974148319393407,2.0,0.1323505409637853,-1.0332280180134883,4
33,33,2022-09-29 21:44:57.343000+00:00,33.74578796012664,-0.859932375324869,0.516349933092078,1.50648639347267,-0.2210522004967225,-0.8233165864036743,-0.4713832970199707,-0.816567923139731,2
34,34,2022-09-29 21:44:57.470000+00:00,76.59963366463684,-0.6803414622120401,0.7994928645559805,0.7846466130446251,-0.8523438441019042,0.10560037530787,1.83086225365144,-0.001077374788506,3
35,35,2022-09-29 21:44:57.597000+00:00,100.0,-0.3072638418437596,0.1734624274519191,0.477602016112703,-1.2625912392705163,1.684796091506573,-0.6593808136140104,2.0,4
36,36,2022-09-29 21:44:57.724000+00:00,56.09465977101807,0.1720319833626123,1.6295365282042664,1.090245090104554,0.1280712190834,-0.9086897708836535,0.5299198681050459,-0.7386664943164198,2
37,37,2022-09-29 21:44:57.851000+00:00,63.86640616527813,0.6818805344163079,0.6955256700018271,2.0,-0.2405811040224726,-0.5240137899504125,-0.7049416786831854,-0.0330447212105337,2
38,38,2022-09-29 21:44:57.978000+00:00,59.38617499682926,1.1335468268636064,0.9518062435223033,1.15689314363115,-0.2982211160862554,-0.6362544658818758,-0.4892074751390856,-0.3099539527765705,2
39,39,2022-09-29 21:44:58.105000+00:00,56.0786500302741,1.370019210248589,2.0,-0.6139384208986627,-0.9121722649536812,1.246907661243838,-0.8076333310017497,-0.5312837597863959,3
40,40,2022-09-29 21:44:58.232000+00:00,93.81046608904305,1.3170412815999604,1.9625301747428872,1.436685861423868,-0.4162262072154964,2.0,-1.0625170073271524,0.9034679705946344,4
41,41,2022-09-29 21:44:58.359000+00:00,53.66077622355676,1.0682288900667702,1.1178082630148167,0.3453039550330313,-0.5988475348042873,-0.9152898415509394,-0.7787746889360593,-0.1619814738029161,2
42,42,2022-09-29 21:44:58.486000+00:00,40.42170808867345,0.8295345342760606,-0.3006961120830856,0.2628589616896026,0.2700823626457497,-1.247819864669913,-1.2534183342298102,-0.3553538566277889,2
43,43,2022-09-29 21:44:58.613000+00:00,46.30719699151049,0.7473243624916406,-0.6696859665552632,-0.0699352332595071,0.3795124491497557,-0.905186784178134,-0.7475632961047142,-0.2941301765094585,2
44,44,2022-09-29 21:44:58.740000+00:00,33.862418961191,0.8081412018798493,-0.308678496376536,-0.8257773314870364,-0.164275915274472,-1.1416304587384272,-1.0541997490473909,-0.5284105334444914,1
45,45,2022-09-29 21:44:58.867000+00:00,47.15095096961838,0.8985236080370543,-0.792746903187177,0.7033855766996814,-0.6640192993998038,-0.3815758775234651,-0.5793212120360022,-0.4853867071478072,2
46,46,2022-09-29 21:44:58.994000+00:00,34.998810133957285,0.9336409104576524,0.0698729532993824,-1.323799226421028,-0.2328677128634806,0.829045276247256,-1.0192963729945703,-0.9308900558307291,1
47,47,2022-09-29 21:44:59.121000+00:00,68.62144304210926,0.8553301569147447,1.0564606058764014,0.1892681976957965,-0.3623867384278962,1.2509515500036386,-1.155140985331199,0.3829601805344031,4
48,48,2022-09-29 21:44:59.248000+00:00,84.48699569286644,0.7263678999147922,0.3781378811126686,1.8990800768093845,0.6760913332082243,-0.6410021441731596,0.7259778583070466,0.2084644158842218,3
49,49,2022-09-29 21:44:59.375000+00:00,57.53326669942827,0.656194240410209,1.2090085018323844,-0.1020494941605886,-0.461463662223201,-0.3991279281085867,-0.7964575400650948,0.1382214061614515,2
50,50,2022-09-29 21:44:59.502000+00:00,68.04189993112273,0.6845179874709164,-0.5826115563148129,2.0,-0.9028520752469396,0.9601403362352112,0.1474822927793935,-0.4216349060889758,3
51,51,2022-09-29 21:44:59.629000+00:00,45.17593757027239,0.7459493049665262,-0.66450346225437,2.0,-0.8777454066060767,-0.721567851637185,0.0065434862820328,-1.021576826003962,2
52,52,2022-09-29 21:44:59.756000+00:00,58.2624087107798,0.6994610815843942,0.2157376767239875,-0.0892084433216033,2.0,0.2060372672991597,-1.0522869399712225,-0.14246782823498,3
53,53,2022-09-29 21:44:59.883000+00:00,63.40111763706459,0.4777382921270942,1.7883745922481649,0.3964583357122141,0.6886995487243973,-0.3555898891272896,-0.1471042027948416,-0.221825006200801,3
54,54,2022-09-29 21:45:00.010000+00:00,84.98043893796748,0.1684733663881491,0.7946061455895347,-0.3591342696736343,1.3586013893815223,-0.6720454306905264,0.2306246496753758,1.0054126763738649,3
55,55,2022-09-29 21:45:00.137000+00:00,64.25931498288507,0.0594625878903067,0.0777519436860104,-0.740919295862078,-0.3961484639753495,0.7570106461334423,-0.1724883316951487,0.348986043980397,1
56,56,2022-09-29 21:45:00.264000+00:00,55.2962791038832,0.2190505846633843,-0.3510778625601074,0.3847367085997756,0.8429831385817098,1.4671017045594208,-0.5650988478372474,-0.4840587639272823,3
57,57,2022-09-29 21:45:00.391000+00:00,46.398897015403456,0.5243860340439359,-0.2423899998755486,1.7222808032312762,0.7360334876726609,-0.4206113711769506,-0.2764695807486907,-1.030845477785305,2
58,58,2022-09-29 21:45:00.518000+00:00,81.24341292484837,0.8379948760547804,1.1181444409154226,1.0738782510603735,-1.041728889571324,2.0,1.1299390234922295,-0.6632602374193762,4
59,59,2022-09-29 21:45:00.645000+00:00,100.0,1.0776744964633194,0.101433379217964,1.208380445380629,0.5581070121415339,1.501541548262606,2.0,0.4136100242409256,4
60,60,2022-09-29 21:45:00.772000+00:00,67.69173839675096,1.229416833633261,0.4267956362305701,0.4521352554215047,-0.6249109940514723,-0.420080168624434,0.6826747329305813,-0.3719021127527584,3
61,61,2022-09-29 21:45:00.899000+00:00,42.83456895502421,1.2446705827424374,-0.2727657830869595,-0.6979792715251303,-0.8675507424438972,-0.2231134205823174,-0.7598359225884886,-0.5330926340552495,2
62,62,2022-09-29 21:45:01.026000+00:00,93.85935823153704,1.1481840733624522,0.4741143884931493,-0.4285429287368317,-0.9159371205355096,-0.2124249278900247,-0.4682078208203297,1.7794069622784174,3
63,63,2022-09-29 21:45:01.153000+00:00,72.56019357774264,1.0750061696705613,0.884334444001923,1.55843570473113,0.6888305204605699,-0.9772777351954596,0.0601944684478372,-0.0814150552125029,3
64,64,2022-09-29 21:45:01.280000+00:00,100.0,1.1978451953118383,0.1342822858999961,0.5953691666118984,0.2920032030159688,0.1977656721767618,0.5351778251916779,1.1736093154166678,3
65,65,2022-09-29 21:45:01.407000+00:00,76.52079451266447,1.43111620157051,-0.2579510295654201,2.0,0.2638048173918881,0.7231405783705198,-0.9090758968918344,-0.1783422326895859,3
66,66,2022-09-29 21:45:01.534000+00:00,36.151463423502406,1.5812963613191509,-0.6170115788487505,0.2753258195131028,-1.1377453570281046,-0.8815759375057014,-1.003938349016982,-0.8173450407394423,2
67,67,2022-09-29 21:45:01.661000+00:00,63.38164462875103,1.6074760835758757,0.5344074812823525,2.0,-1.179853021088987,1.1229285223272991,0.0257290787020415,-0.9855899181009522,3
68,68,2022-09-29 21:45:01.788000+00:00,39.22267248016772,1.4504148692890422,1.1647278039814946,-0.088385566806168,-1.1938310610354792,0.04524248337603,-1.055903036720595,-0.9303672671068196,2
69,69,2022-09-29 21:45:01.915000+00:00,43.73702270500146,1.0539438027547223,1.564384617193863,0.0793113530932115,0.7171707282996339,-1.0234042397287717,-0.3913972431295716,-1.066627783199715,2
70,70,2022-09-29 21:45:02.042000+00:00,90.3929548490586,0.6515616297822097,0.6817741469868007,0.1119935545188989,-1.0525797146355202,0.5916443514272031,2.0,0.0717321490980959,3
71,71,2022-09-29 21:45:02.169000+00:00,100.0,0.4135306588032848,-0.3498651006093721,-0.1200560159567284,0.2919886983159729,1.5017978833056402,2.0,-0.7650647931380843,3
72,72,2022-09-29 21:45:02.296000+00:00,41.9193932642666,0.3363649949349929,-0.2554248142207015,-0.4297073456267325,-0.8168247628195345,-0.6627970803359112,0.3452061043271993,-0.794740106022135,1
73,73,2022-09-29 21:45:02.423000+00:00,29.4277850420696,0.3062444968491065,-0.0514216614578344,-0.8307041329490964,-0.5821014474613623,-0.5535209713234682,-0.794741142528967,-0.7944634178437793,1
74,74,2022-09-29 21:45:02.550000+00:00,61.27593952903348,0.168677070526426,-0.3093015434556835,-0.5389282584761182,-0.5960174149515989,-0.0864138335184832,0.2119376740985739,0.1784135611542255,1
75,75,2022-09-29 21:45:02.677000+00:00,69.13389291453727,-0.1252221447630546,1.0292013968063545,-0.3614293158448091,0.690663014440164,0.1524252934349904,0.1925518546660348,0.2362516555800454,3
76,76,2022-09-29 21:45:02.804000+00:00,93.24766447988246,-0.4119288345168136,0.3599367519080617,-1.0840823196715783,2.0,0.1075655835538299,1.0028814907683763,1.1273261675188355,3
77,77,2022-09-29 21:45:02.931000+00:00,31.779351815291797,-0.3855970185651252,0.2193411688106873,-1.1817513233128505,-1.1058323565393793,-0.2316329280750389,-0.7778126051685667,-0.3660186903110469,1
78,78,2022-09-29 21:45:03.058000+00:00,29.664004544917557,-0.0856262400769922,-0.6384740836263072,-0.1991269234296649,-0.2218281441036081,0.1006008794924848,-0.8030020996577625,-0.8865090888178833,1
79,79,2022-09-29 21:45:03.185000+00:00,34.25919476828787,0.1507431576905253,-0.2095191768989226,-0.7534117423288653,0.514367436265606,-0.4043204862893331,-0.4467535726420042,-0.8947224994124552,1
80,80,2022-09-29 21:45:03.312000+00:00,66.70375366486867,0.1266781092217952,-0.6846678956203378,-0.2161438697265046,0.8499973411470583,1.115443036965872,0.0627669569722795,0.0165070644017726,3
81,81,2022-09-29 21:45:03.439000+00:00,61.96436009977245,0.00888596531763,-0.7068870639849112,-0.61727908917208,-0.0852480800996738,0.9592947270648996,1.65241748522911,-0.7821839603467671,3
82,82,2022-09-29 21:45:03.566000+00:00,100.0,0.1723533738106524,-0.4813588861814326,0.0432101091678576,0.4585291286924367,0.957499592487926,1.8738308678652251,1.526084361134544,4
83,83,2022-09-29 21:45:03.693000+00:00,56.85489506946481,0.5384637584817145,-0.3092284050978898,0.282363805376618,1.5076113459849594,1.2182620298903108,0.0320656452623851,-0.8987249037640838,3
84,84,2022-09-29 21:45:03.820000+00:00,65.0378105229054,0.7398930242749358,-0.1376675843133182,-0.881908004791381,-0.901229659150542,0.9522626077617276,0.2178249507936283,-0.0015342528920649,3
85,85,2022-09-29 21:45:03.947000+00:00,46.86918091935453,0.6607183465138212,-0.8601620236949775,-0.4667859766329966,-0.1509392359808687,-0.9847999120665436,0.4776923108366256,-0.7021735367873971,2
86,86,2022-09-29 21:45:04.074000+00:00,42.31123594499086,0.5014027033661029,-0.9925771986599432,0.7514138090800381,0.2433499546385766,-0.6222052634924105,-0.4256597969842398,-0.7394012844749649,2
87,87,2022-09-29 21:45:04.201000+00:00,48.82992280292639,0.5475868096650692,-0.591535314086413,1.5260474787348517,-0.3312147312584969,-0.2303845273821995,0.1013503671372782,-0.912415623099006,2
88,88,2022-09-29 21:45:04.328000+00:00,55.32819221435656,0.7650836535705505,-0.6045188590541185,-0.0498056405116128,-0.9254811123176532,-0.6352501967813761,-0.8599497348970591,0.3587979969540531,1
89,89,2022-09-29 21:45:04.455000+00:00,62.86303493518028,0.9322857334884044,-0.1794990172262828,0.1622353926579007,-0.7289216516110334,-0.2942987486228375,-0.8327717058726972,0.4549088646963831,2
90,90,2022-09-29 21:45:04.582000+00:00,55.42470410441092,0.9742367318738968,-0.3295754884303712,0.2791149321189267,0.7859161598372532,-0.04071496394352,-1.0710914916873695,-0.1196708144669577,3
91,91,2022-09-29 21:45:04.709000+00:00,55.30381217206572,0.8558746464297161,-0.6523678517902103,-0.3899941457425785,-0.2838834838386139,0.6197176825627118,-1.1256217823577936,0.1446973659410966,1
92,92,2022-09-29 21:45:04.836000+00:00,46.26276759039322,0.6058751128045707,-0.3079538558986038,-0.5272330631118554,-0.9330019143043244,0.1218651148511334,-1.1268817832548388,-0.0047855500427162,1
93,93,2022-09-29 21:45:04.963000+00:00,69.0972561687583,0.3158923268886652,-0.2602203425760593,-0.0456913081276159,0.1136577906374582,-0.852503396870814,0.1242019229207569,0.5205097249718905,3
94,94,2022-09-29 21:45:05.090000+00:00,29.11558104051906,0.0692282895478271,0.2726312839722934,-0.208130087155421,-0.7563397475815045,-0.3234967757261698,-0.9613562806344048,-0.8086518479101013,1
95,95,2022-09-29 21:45:05.217000+00:00,29.968773968026017,-0.1369057440903833,-0.4490851073271883,-1.054340814711739,-0.883824703519153,-0.9701984995231788,-0.1160106472659543,-0.7312688472536376,1
96,96,2022-09-29 21:45:05.344000+00:00,34.757877831911884,-0.367410365550989,-0.5095679063071117,-0.9819883605173466,-0.7436273269922316,-0.2443888276060057,0.1882106302603038,-0.7646083011920053,0
97,97,2022-09-29 21:45:05.471000+00:00,32.49602064350072,-0.671779460830272,2.0,-0.26661222613583,-0.3878194543070302,0.4077821249309821,-0.6108412144991276,-1.0421510491390016,1
98,98,2022-09-29 21:45:05.598000+00:00,51.578626717894736,-1.0243750666278064,2.0,-0.7161732544175813,-0.1322708519688476,2.0,-0.3522486511310186,-0.6057437942321026,4
99,99,2022-09-29 21:45:05.725000+00:00,47.69346153607063,-1.2376446635702498,2.0,-0.4110467126888755,-0.5287327256629722,1.7539692998156369,-0.0118532960486288,-0.8213333024296829,0
100,100,2022-09-29 21:45:05.852000+00:00,32.91759646708093,-1.292465717906495,0.3862759298348368,-0.2931126343276447,-1.0500634157686193,0.3062635894832261,-0.7229126169138376,-0.308701022885779,0
101,101,2022-09-29 21:45:05.979000+00:00,47.15250676131936,-1.3353427914412257,-0.5582817322000693,-0.4053298577157208,-1.100210034002778,-0.5141933427314713,-0.6246894311767326,0.7037427720479998,0
102,102,2022-09-29 21:45:06.106000+00:00,37.044373472361215,-1.2680914151554423,-0.3700869605577808,-0.6244727590819313,-0.9667680078604298,-0.4728609274731852,0.0378318571600993,-0.2098035036979005,0
103,103,2022-09-29 21:45:06.233000+00:00,46.85855833283141,-0.7540023564075067,0.4162497370484354,1.290411691095525,-0.3345195197357814,0.0079175346738323,-0.4088326574932103,-0.350257802800316,2
104,104,2022-09-29 21:45:06.360000+00:00,74.80691075901063,0.0637647456973764,0.1337305592255925,-0.3603276140474175,-0.6705893512739018,-0.4951490603705308,-0.4084525756492542,1.2627306611420857,1
105,105,2022-09-29 21:45:06.487000+00:00,44.717747671882464,0.7023131681653869,0.0326559916530005,0.4007321770905364,-0.1670665352067453,0.573398534624896,-1.103353489801383,-0.5849863955811578,2
106,106,2022-09-29 21:45:06.614000+00:00,43.87856668448824,0.968284191671282,-0.5647730279717693,-0.4557897793725634,-1.1947620338760123,-0.0184879142795681,-0.9961581670406986,-0.2461829674863625,1
107,107,2022-09-29 21:45:06.741000+00:00,88.47037795096377,0.894858123160915,-1.0139197881051702,0.1408824234187007,-0.9217882924902862,-0.623898066619075,-0.004766807832034,1.5155459394228683,3
108,108,2022-09-29 21:45:06.868000+00:00,36.94959421581883,0.6898189483663613,-0.9881836707282148,0.0484873052056182,-0.9542500964522886,0.4365897448398821,-0.8593730154186745,-0.7532197671164598,1
109,109,2022-09-29 21:45:06.995000+00:00,41.73847485537964,0.538311425163183,-0.5080405836437217,-1.1106839742329695,-0.2852037938131765,2.0,-0.3538767249300251,-1.140140597164713,1
110,110,2022-09-29 21:45:07.122000+00:00,55.70888351184053,0.4438245723067019,-0.733974052099067,-0.8666976861318838,-0.6276185923802813,0.2966616665965609,0.7745376076606254,-0.489052665447323,1
111,111,2022-09-29 21:45:07.249000+00:00,53.33836327177818,0.3015537390820328,-0.3657442826395818,-0.6295189692396416,-0.3234859789043781,-0.4435003456782659,-0.9990843042787172,0.4559820178011692,1
112,112,2022-09-29 21:45:07.376000+00:00,57.18302562744557,0.0446824252017989,-0.9224739128062326,-1.4027944075764984,-0.5978233274773019,2.0,-0.4083111483244426,0.1093944187925161,1
113,113,2022-09-29 21:45:07.503000+00:00,37.34461122223056,-0.3015259028392755,-1.000402840481333,-1.2420758925970756,1.7748921823688208,-0.8812714061132451,-0.7878003112911209,-0.2841244112904273,1
114,114,2022-09-29 21:45:07.630000+00:00,21.955394637869485,-0.5932204523465974,-0.8927978067829564,-1.1138651194910194,0.3857389870069519,-0.7020634692271388,-1.0581130559130545,-0.6443647054323071,0
115,115,2022-09-29 21:45:07.757000+00:00,40.49683954355462,-0.6372157489484317,-0.3998149912395444,1.1555704837493634,1.5607842558650065,0.904604107562422,-1.1692608136987257,-0.6942181324917525,2
116,116,2022-09-29 21:45:07.884000+00:00,33.09301223950702,-0.3777407521220711,-0.3506288928337571,-0.9400041175645998,-0.024779228532763,-0.3888573807253121,-0.6201844156502303,-0.5116916410191237,1
117,117,2022-09-29 21:45:08.011000+00:00,35.47290480709973,-0.0169435280570913,-0.4743015451195779,-1.03554040355204,-1.0571230692568987,1.208527721496138,-0.9144922913699596,-0.5332014254195782,1
118,118,2022-09-29 21:45:08.138000+00:00,50.51428781245434,0.1532818890203227,-0.5423559938047977,-0.5774949949521725,-0.907297357410574,-0.5701041578762237,0.3182212881621057,-0.2181530064876864,1
119,119,2022-09-29 21:45:08.265000+00:00,81.22657750953465,0.1000768987196099,-0.5180395821279511,1.7341883632926465,-0.1397916498972042,-0.9493315396348916,0.559446661651261,0.7274949907628481,3
120,120,2022-09-29 21:45:08.392000+00:00,73.35710458475216,-0.0282970345463993,-0.7621671681924362,-0.610706308097581,0.936304795671499,1.6375132531403982,-0.4412020320789154,0.6418675911596229,3
121,121,2022-09-29 21:45:08.519000+00:00,91.6761185362584,-0.1072075966105157,-0.9043888622688626,-0.5549562700855477,-0.1284437066301268,1.8541849916286728,1.6223207471365206,0.5904663777485342,3
122,122,2022-09-29 21:45:08.646000+00:00,65.00985323285921,-0.1102711111067056,-0.9250312836349902,0.6916599649681553,0.6234622950454403,0.4557756219039788,-0.3535792404906926,0.2966469200651674,3
123,123,2022-09-29 21:45:08.773000+00:00,37.33564188992771,-0.1295941234512491,-0.6992785770954848,0.4706477526369338,-0.3801964808596269,0.6594804919428878,-0.3686992401868529,-0.9467999592135764,1
124,124,2022-09-29 21:45:08.900000+00:00,36.98109403337331,-0.1898667194002853,-0.5609791250397591,0.3678337632750675,-0.6290253969914157,-0.8232412943520161,-0.2246343804379868,-0.6347431121472515,1
125,125,2022-09-29 21:45:09.027000+00:00,41.81608748424265,-0.1704385865997073,-0.9149442846326052,-1.090307127493632,-0.2051090701783611,1.7496105801465114,0.1098435912803055,-0.9214859169576528,1
126,126,2022-09-29 21:45:09.154000+00:00,34.14649571309451,-0.0740668684621411,-0.7576198959812611,0.0629668227748414,0.1323155204510014,-0.3278441026295114,-0.790189808223674,-0.668789580958021,1
127,127,2022-09-29 21:45:09.281000+00:00,46.80375455327929,0.0323648451996138,-0.5844960300305128,0.2774136906057193,-0.1243812070731695,1.9853850073908483,-0.6375030068778934,-0.7086969845612044,3
128,128,2022-09-29 21:45:09.408000+00:00,29.27527369444156,0.1131980871094737,-0.044612720608173,-0.0876697190442305,-0.8037875386110193,-0.5830665045961771,-0.5723894390877701,-0.9500883984393894,1
129,129,2022-09-29 21:45:09.535000+00:00,69.15638031072265,0.1617329146488998,-0.2744172808509373,0.0274512430963522,-1.028226757032918,-1.2127044484265126,-0.3418578871574264,1.101467098152245,1
130,130,2022-09-29 21:45:09.662000+00:00,57.28343040569414,0.3067320717105825,-0.9755899737112632,0.7810038229168826,-0.920304724154032,-0.8584496088232748,-0.5721857603452598,0.4124938844361536,2
131,131,2022-09-29 21:45:09.789000+00:00,90.2704243439941,0.6102640349503232,-0.9679565844729294,-0.5193514567055876,-0.7347912630480362,2.0,0.0157868264886363,0.6440361090279811,3
132,132,2022-09-29 21:45:09.916000+00:00,43.46598771529016,0.9238194758038571,-0.8632076449338044,-0.2126058059541915,0.4989362925347376,-0.9477601426214756,-0.824891526162159,-0.422998705955954,2
133,133,2022-09-29 21:45:10.043000+00:00,62.01204072831167,1.0081397784987194,-0.1979679488519772,-1.1448572311116003,-0.7734144935859114,-1.105212027839393,-0.9049380115592562,0.8710457959268245,1
134,134,2022-09-29 21:45:10.170000+00:00,57.46637066179135,0.8705088631959792,-0.4516765490657192,-1.3956156834468862,-0.0208778199375993,0.5253064045092594,0.9845088295853476,-0.7686589355405467,3
135,135,2022-09-29 21:45:10.297000+00:00,53.4888415480129,0.671289725626989,-0.9380284213319332,-0.8693519687802008,-0.4790725968190005,-0.8578674989694302,0.5602324006734083,-0.3056919593857215,1
136,136,2022-09-29 21:45:10.424000+00:00,56.37957771579487,0.5594603695108371,-0.4998635800437191,0.361835590543668,-0.3284336538142283,-0.485033866850337,0.6280113986263011,-0.5550941431156415,2
137,137,2022-09-29 21:45:10.551000+00:00,39.84366518360688,0.5602574360610006,-0.7043741027825849,-0.2457979079547784,-0.4299842008442616,-0.2748864943546424,-0.0684468755542786,-0.8938826127503352,1
138,138,2022-09-29 21:45:10.678000+00:00,50.851360912258826,0.5112248282028873,-0.4276478052143843,-0.7488627089348894,-0.8505900012401896,0.8062162741353187,-0.9148430433594352,0.032544997970596,1
139,139,2022-09-29 21:45:10.805000+00:00,41.84600120459336,0.2963531676005392,0.2223853376396928,0.4741896867795946,-0.3633597860022713,-0.1161330477527007,-0.1447885593574742,-0.9456102623633256,2
140,140,2022-09-29 21:45:10.932000+00:00,48.58556549559872,0.0419331895126149,-0.5803577380560748,0.3055741355735272,-0.2204961248515531,0.5891244342295281,0.5572261187898782,-0.9508104499946378,2
141,141,2022-09-29 21:45:11.059000+00:00,46.31487363987405,-0.063237578611495,-0.2681374824419723,0.4927103086958443,-0.2651900742190736,-0.5298420040330933,-1.1023639071751383,0.0833534067929837,1
142,142,2022-09-29 21:45:11.186000+00:00,45.15616956892342,0.0589605323730027,0.0020200625905586,0.6256604247212285,-0.7106476793854276,-0.8933762134964762,-0.6514654537787621,-0.1722636476977659,2
143,143,2022-09-29 21:45:11.313000+00:00,79.70619356085847,0.3737789444017868,0.0798649770796791,-0.7012193916290358,-0.0557720704115726,-0.1330976374992256,0.3976594891603273,0.8300854577995496,3
144,144,2022-09-29 21:45:11.440000+00:00,65.40307399247946,0.7776024638930822,0.2172163328346224,-0.8827075886842937,1.522515844863367,-1.212033384321897,-0.5534363664416628,0.4805000425134545,3
145,145,2022-09-29 21:45:11.567000+00:00,63.87669762545405,1.039870754466215,0.0358626181754804,0.8990993328968632,1.2714998430599105,-0.4005430571139493,-0.8779293296522543,0.0123401904845985,3
146,146,2022-09-29 21:45:11.694000+00:00,53.35648886469823,1.0158828263950588,-0.0098447334610784,0.765805334781904,1.1152045838183344,0.7241449812169072,-0.7573886315279772,-0.7766801782184881,3
147,147,2022-09-29 21:45:11.821000+00:00,74.20093413871689,0.8198305187439912,0.1728436789877667,0.0692282946506283,0.7842062745416133,-0.323388979236949,0.1251874977362322,0.272359400368733,3
148,148,2022-09-29 21:45:11.948000+00:00,74.5908519805574,0.5625383046143053,-0.717581793070535,-0.4160712424170613,-0.0923459982196292,-1.1290959242859042,2.0,-0.2247854547700255,3
149,149,2022-09-29 21:45:12.075000+00:00,53.942542614967486,0.3286860138141452,-0.7289775175201784,-0.6959034480196261,-0.4600533954557428,-0.9882790891833604,-0.6945662413651515,0.5122621399228175,1
150,150,2022-09-29 21:45:12.202000+00:00,41.94385072809143,0.1716518486448944,-0.8959225350845246,0.5294636384712383,-0.3076700424867933,0.3299107329107313,-0.0682528274979564,-0.9223050495404578,2
151,151,2022-09-29 21:45:12.329000+00:00,21.58610045039565,0.1505768831172114,-1.0101354440413504,-0.9385679158043224,-0.7467067857448673,0.2609177130177478,-0.8705595828052597,-1.110922021169004,1
152,152,2022-09-29 21:45:12.456000+00:00,55.42517519096148,0.25405951801491,-0.1788539342784786,1.286828228186626,-0.8331023477701471,-0.5010660560328932,-0.5917350699813618,0.0599833771564828,2
153,153,2022-09-29 21:45:12.583000+00:00,33.517717572703006,0.2944477408542618,0.2020951928565534,-0.5096734252569225,-0.4677977030046676,-0.1236513945650723,-0.6268777197501704,-0.886808740560519,1
154,154,2022-09-29 21:45:12.710000+00:00,32.311976835202564,0.0283779389270084,-0.7705593899282518,-1.3032621574286738,-0.730361853527685,0.4325676559364949,-0.1332957852070487,-0.9299402683593866,1
155,155,2022-09-29 21:45:12.837000+00:00,55.63358217610968,-0.585338932580925,-0.8769958126045949,-1.4450108926112222,0.6214430006689121,0.3861364429778059,0.5327516562361339,-0.0556206252247235,0
156,156,2022-09-29 21:45:12.964000+00:00,35.84121852127644,-1.1731750361447102,-0.8119395990689723,-1.2786092271143774,-0.95120514935863,0.9692955493947182,-1.0435033412023498,0.1343905340730135,0
157,157,2022-09-29 21:45:13.091000+00:00,26.538338642086394,-1.2719647165882568,-1.0083377439916923,-1.3859464804029455,-0.93708718661682,2.0,-0.8958564288304011,-0.85227142707168,0
158,158,2022-09-29 21:45:13.218000+00:00,45.21948919794808,-0.86378183171001,-0.6578073538464206,-1.344320590592773,0.1009332193594804,-0.0008183646006206,-0.4857811047656801,0.2205640306004223,0
159,159,2022-09-29 21:45:13.345000+00:00,18.98940647490165,-0.3327302142443843,-0.641583105548233,-0.628206572678346,-1.056306973378636,-0.4754362463929891,-0.8610600212882894,-0.94112611073867,0
160,160,2022-09-29 21:45:13.472000+00:00,24.6046928218564,0.0154111060074477,-0.7152773302952306,-0.7912393603252778,-0.9884117070764048,0.2572780756242178,-0.5667421526527691,-1.0964428436431932,1
161,161,2022-09-29 21:45:13.599000+00:00,36.86065437086628,0.1213864459916967,-0.1080855733759403,0.0777222642282552,-0.9654229090448424,-0.2691175605645713,-0.2848020759785985,-0.7994296274750823,1
162,162,2022-09-29 21:45:13.726000+00:00,40.50356095170908,0.0510638823788644,-0.6869005936255353,-0.5744631828530998,-0.9623641871153148,-0.4068338453620979,-1.0189869025470837,0.0438487522111074,1
163,163,2022-09-29 21:45:13.853000+00:00,43.05038194905549,-0.0464415425843493,-0.5999293150925433,-0.6171752461778092,0.8766702424840616,0.6990794698838179,-0.5364334311392998,-0.6184559096726178,1
164,164,2022-09-29 21:45:13.980000+00:00,87.60607411274056,0.0345471609392933,-0.6813368243378486,-0.7924280293647693,0.2686611419670898,-0.5400160752191334,0.6409642981181554,1.3756276034657402,3
165,165,2022-09-29 21:45:14.107000+00:00,41.01625339189982,0.4170844658108877,-0.9179003011388174,-0.0811239988002351,-0.8830496405008971,-0.1528982396388937,-0.3912638636227323,-0.5594148905744883,1
166,166,2022-09-29 21:45:14.234000+00:00,45.41007086626821,0.916672215424058,-0.6371300544072215,-0.4063092881917642,0.3529723719548096,-0.6503758619931931,0.3073134721491986,-0.981136559489288,2
167,167,2022-09-29 21:45:14.361000+00:00,47.621005645264034,1.1545743731231464,-0.6109276512034003,-0.2623403051055762,-0.0964597831361789,0.0021389848716914,-0.4196976172324508,-0.6679336451760001,2
168,168,2022-09-29 21:45:14.488000+00:00,91.5690816609682,1.005680767674758,-0.8416445480943238,-0.0362852605227576,-0.4798349327012017,-0.8695739858539817,0.1738434189985719,1.526340136371131,3
169,169,2022-09-29 21:45:14.615000+00:00,100.0,0.7348202923806741,-0.9758984618290916,1.398949747259283,-0.4867163360035973,-0.909074497554218,2.0,0.0471214644179309,3
170,170,2022-09-29 21:45:14.742000+00:00,68.4339493907192,0.6322895031632204,-0.7375058472556628,-0.917500936127944,0.752883948327075,1.70089967935651,0.4631762290700421,-0.2920017444453743,3
171,171,2022-09-29 21:45:14.869000+00:00,73.73342850649377,0.6741486777422635,-0.3610340248229881,0.6867823615500952,-0.3176954461441742,0.4886317743143982,-0.5811817264201196,0.6369092266796974,3
172,172,2022-09-29 21:45:14.996000+00:00,53.66586578470823,0.638741349688261,-0.5575242503861653,2.0,-0.418478153216762,2.0,-0.7822256890491934,-0.9730573633794902,3
173,173,2022-09-29 21:45:15.123000+00:00,50.42408118305913,0.3797126121522872,-0.5426856441393942,1.2080195734412946,1.0484234685873044,0.3213407902228484,-0.7946433616353644,-0.5724345204891149,3
174,174,2022-09-29 21:45:15.250000+00:00,40.57148312758966,0.0325223514571225,-0.4898281517826953,-0.728333419679712,-0.231055298469225,-0.2369939926873801,-0.6997960300615523,-0.2762908962595591,1
175,175,2022-09-29 21:45:15.377000+00:00,57.95260343496373,-0.1079284088188406,-0.418759651742527,0.0005681746623835,-0.7473662454335677,0.2958963354389919,-0.6506252041399652,0.4414491051207971,1
176,176,2022-09-29 21:45:15.504000+00:00,33.95007046120276,0.0071187364914722,0.3165819065343148,-0.2625329013688405,-1.0695909526734522,-0.2303046090406275,-0.4048794468253863,-0.8119753356906825,1
177,177,2022-09-29 21:45:15.631000+00:00,96.869193820199,0.1824643236142034,-0.5694150291159683,-1.4949258640028502,-0.8137485728664677,1.0926556758325985,-0.8983200351938544,2.0,1
178,178,2022-09-29 21:45:15.758000+00:00,39.79996997744719,0.1936978837569718,-0.7368576877826705,-1.0964770962453072,-0.8630947172404475,-0.509714466940843,-0.6732648414341836,-0.1242508456129694,1
179,179,2022-09-29 21:45:15.885000+00:00,18.20055483916982,0.0365091496160725,-0.7973682839398627,-1.108132895712474,-0.5137355546167891,-0.9513898117712172,-0.816294125550298,-1.0193882331757047,1
180,180,2022-09-29 21:45:16.012000+00:00,42.408235072618346,-0.1405684754850899,-0.716314880185587,0.5185068641472862,-0.7882880357398299,0.0188517609168537,-0.5202317022233868,-0.3950802416155566,1
181,181,2022-09-29 21:45:16.139000+00:00,47.70837626557576,-0.193673268351302,-0.4128311544370995,-0.3804513918190546,-0.7948021710085086,-0.0257021078628708,-0.2503399199714736,-0.1074828416623094,1
182,182,2022-09-29 21:45:16.266000+00:00,48.773665856812734,-0.0797118061284404,-0.3758638698011239,-0.4306176335506027,-1.053601014961683,0.8794058419423844,0.4751368241036441,-0.6589311582865993,1
183,183,2022-09-29 21:45:16.393000+00:00,58.57937717113871,0.1433827030869033,-0.2099013950987752,-0.0914932135445426,-1.08103106132479,-0.6234728585660974,-0.4098347064783872,0.501450212581398,1
184,184,2022-09-29 21:45:16.520000+00:00,69.89537853474853,0.4131690125569701,-0.0953233906087956,0.0978036868835231,-0.3284744046749375,0.4124003444410498,0.5330230764852839,0.031810297955153,3
185,185,2022-09-29 21:45:16.647000+00:00,86.62126623658052,0.6436903457234403,-0.4566712798652017,0.7542696556310128,-0.464142320544581,-1.0905273224910823,2.0,-0.8789262677345029,2
186,186,2022-09-29 21:45:16.774000+00:00,74.80557398563666,0.798453615920396,-0.0319632727975211,2.0,-0.318115675278927,-0.9585648984744826,0.5191830174600104,-0.1034134684933015,3
187,187,2022-09-29 21:45:16.901000+00:00,42.52719712852963,0.8540858991399088,-0.2053535209873869,0.7876846293996511,-0.9565301041112024,0.1441758984839052,-0.8137440265524236,-0.7308773982641767,2
188,188,2022-09-29 21:45:17.028000+00:00,49.70409988827198,0.740807419174521,-0.4311918649367795,-1.1116794420063925,-0.0980810655584007,0.5657866290838378,-0.2942717368614078,-0.4570042899639171,1
189,189,2022-09-29 21:45:17.155000+00:00,55.91904695965751,0.4620604389677035,-0.0694819329173454,-1.0459141664444187,2.0,-0.4473954579174822,0.235393260239107,-0.5149028106874415,3
190,190,2022-09-29 21:45:17.282000+00:00,58.256295719444175,0.1379400729620532,0.2941928611525393,0.122031540836921,-0.3098257354616569,1.5078459853148063,-0.5127328063672497,-0.1764674918393692,3
191,191,2022-09-29 21:45:17.409000+00:00,100.0,-0.0080669829627811,0.2463766025151922,-0.6648407010010488,-0.2725716172310751,-1.1385115707326543,0.1929815190507809,2.0,3
192,192,2022-09-29 21:45:17.536000+00:00,100.0,0.104798636171059,-0.1325837307191935,2.0,-0.1407107554483175,-1.059429208470385,0.3748594066248922,1.9114393469358917,3
193,193,2022-09-29 21:45:17.663000+00:00,64.68594539292364,0.4025018845921863,1.4579993060347598,-0.9022811678689148,0.31492238079415,0.0267753129434914,0.7693225411094311,-0.3686176945665255,3
194,194,2022-09-29 21:45:17.790000+00:00,43.12256673251136,0.6386943527832292,-0.0967875563333317,-0.4233556579995546,-0.8738074167342845,-0.2126155985855428,0.2199701841244079,-0.8977744091915622,2
195,195,2022-09-29 21:45:17.917000+00:00,62.57621006628965,0.6026176795825404,-0.3510914586763481,-1.014897544917282,0.0578235177322719,-0.8918153383921403,1.6159454814139855,-0.5273987550343394,3
196,196,2022-09-29 21:45:18.044000+00:00,48.83911637736448,0.3878632060227422,-0.2286377524667111,-1.3657204425715892,1.9874427372123864,1.0104029996529345,-0.318411513132886,-0.7733616420231962,3
197,197,2022-09-29 21:45:18.171000+00:00,35.84042565778324,0.2532545138830488,0.1090245937533368,-0.3104542556301047,-0.9835262938358564,0.3694920963467597,-0.2519404885887573,-1.0156518098479517,1
198,198,2022-09-29 21:45:18.298000+00:00,49.55340542336783,0.2929674553048477,-0.380210328450059,0.1844827609626675,-0.0762916710958733,0.7318280915952565,-0.3888527064872454,-0.5355129519615712,2
199,199,2022-09-29 21:45:18.425000+00:00,28.78262380892656,0.3348904838562765,-0.8541238408985986,-1.1954019293439673,-0.6691406172409031,-0.3137464252571148,-0.4576310489936619,-0.8980588810270502,1
200,200,2022-09-29 21:45:18.552000+00:00,34.480220797881195,0.1733103537552262,0.109140175723669,-0.7061604629671177,-0.130968016282956,-1.0747621894322577,-0.1368019865222577,-0.8493653079126269,1
201,201,2022-09-29 21:45:18.679000+00:00,23.074194271140406,-0.1431725262758042,0.3093971975843241,-0.8807031264215818,-0.501994865220379,-0.9410140545523328,-0.5361491231448318,-1.0393143843925077,1
202,202,2022-09-29 21:45:18.806000+00:00,24.080040645511858,-0.4484695448318102,-0.2878726348894819,-0.6754274522031259,0.2092558485492748,-1.059138396216669,-0.5601525415415395,-0.914779803263005,0
203,203,2022-09-29 21:45:18.933000+00:00,25.429176530376655,-0.5995166241467633,-0.2585015865036544,-1.0723640842244904,0.3269088674178033,-0.8269732006019209,0.0720805250950198,-1.1364404813465458,0
204,204,2022-09-29 21:45:19.060000+00:00,46.45506395326893,-0.6104478044299724,1.1535007362053846,0.2536879238939939,0.2605810253127258,-0.8879020675501238,-0.4837377041557839,-0.1664407939150301,1
205,205,2022-09-29 21:45:19.187000+00:00,44.22047263232419,-0.5815503076447228,1.3112819882572406,-1.2532068763519233,0.0504874943703292,-0.7669898761677145,-0.8052986838241671,0.1665498284649426,1
206,206,2022-09-29 21:45:19.314000+00:00,81.10795871735999,-0.4515924697515121,0.2640410512399583,-0.1021965422147093,0.5795203229874073,-0.449943087067212,1.7582204704384965,0.3022439719007636,3
207,207,2022-09-29 21:45:19.441000+00:00,56.57961033347564,-0.0713308335687798,-0.6516760870460987,0.5092386772775601,2.0,-0.7755726894536235,0.4520021275483567,-0.638231598969325,3
208,208,2022-09-29 21:45:19.568000+00:00,40.85330843014199,0.5367384713259649,-0.2893645268087026,1.3224572215833672,-0.5005302573735217,0.1852072060858147,-0.8017346975051395,-0.8761366104567329,2
209,209,2022-09-29 21:45:19.695000+00:00,67.3406865980643,1.0646557923020563,0.0179223369162968,-0.244594117214523,-1.0686220720569015,-0.8179220407028217,0.7966533316279246,-0.0388540696325546,2
210,210,2022-09-29 21:45:19.822000+00:00,78.26845670749938,1.2273512480911013,0.8915501038615672,0.5358310260111073,-0.5622045563586444,-0.3495390337304719,1.9535126117813717,-0.6382174084031342,3
211,211,2022-09-29 21:45:19.949000+00:00,81.07732625447561,1.0579556674798956,2.0,0.0520999543869917,-0.1067862224268244,-0.0136125856029293,-0.2259998996499622,0.550391152222946,3
212,212,2022-09-29 21:45:20.076000+00:00,59.56444007402329,0.7587280717184637,1.874776706174916,-0.1869955855177885,-0.462644195877744,1.0252860071251106,-0.5933513902406281,-0.3028725897645183,3
213,213,2022-09-29 21:45:20.203000+00:00,100.0,0.4778648223438478,-0.6033955388742885,-0.4447090653479995,-0.745988330801344,-0.7409209316542226,-0.3112341655897015,2.0,3
214,214,2022-09-29 21:45:20.330000+00:00,59.98028746299445,0.1732632941318603,0.179483930292518,0.6653283128576448,-0.4986630685864764,-0.6383725791586868,0.2950266407395321,-0.1152387612906164,2
215,215,2022-09-29 21:45:20.457000+00:00,42.52853222355122,-0.0501857460325626,-0.0474976730515529,2.0,0.6556122719312799,-0.1040247797864734,-0.9214869744894092,-0.8403040915735435,2
216,216,2022-09-29 21:45:20.584000+00:00,47.82372788165416,0.0452083557191188,-0.2218542826194698,-0.3643066843318582,0.7165513509088051,0.724047940494847,-0.5051065805621876,-0.5044724926887065,1
217,217,2022-09-29 21:45:20.711000+00:00,55.58931620312186,0.3355864365120269,-0.8788246444641471,-0.9106274491023122,-0.3407085318911501,0.6552791403822245,-0.3411408026802132,0.0588841607979244,1
218,218,2022-09-29 21:45:20.838000+00:00,53.69929009681125,0.4683673582695249,-1.0152223693851827,0.3459456608756872,1.5582336915800998,0.0190195636791648,-0.4334492343438957,-0.4332262395138948,3
219,219,2022-09-29 21:45:20.965000+00:00,100.0,0.3252559411439224,-0.9490075342921253,-1.1776047033612398,-0.16291188428609,-0.3424744551494581,-0.9182633547363452,2.0,1
220,220,2022-09-29 21:45:21.092000+00:00,100.0,0.0155851233232948,-0.8334817162948738,0.759140045733841,2.0,0.0661745257665791,-0.6814923614434913,2.0,4
221,221,2022-09-29 21:45:21.219000+00:00,39.93761883876057,-0.2917054768863228,-0.6553518838215705,-0.02930852015154,1.210216330017654,1.134224524837517,-0.9674543471396244,-0.703936086173066,1
222,222,2022-09-29 21:45:21.346000+00:00,30.68615876222182,-0.4763246501976161,-0.7792856616904323,-0.0411179178224217,0.239014061780281,-0.8376001050912615,-0.666267742966616,-0.6317940422042378,0
223,223,2022-09-29 21:45:21.473000+00:00,31.840249396550377,-0.5293303889413491,-0.7604228986633285,-0.5560687792416621,-0.0195938578829145,0.1313101768499042,-0.8517562566800044,-0.5331762276843146,0
224,224,2022-09-29 21:45:21.600000+00:00,42.120689587993816,-0.427865700520422,-0.5726020792076617,-0.5962788690363141,0.472382183076098,-0.9633349387425618,0.4908651786833064,-0.6405878406841445,0
225,225,2022-09-29 21:45:21.727000+00:00,32.00873328160133,-0.0373172422843286,-0.5408063278023524,0.4159002199129042,0.9419803232899244,-0.1623993115452045,-1.1896545347562553,-0.8373806375360279,1
226,226,2022-09-29 21:45:21.854000+00:00,77.7373145056607,0.5044586388095896,-0.601627205642881,-0.9149624826710996,-0.7847211701592263,0.6456102049749842,-0.627489079942052,1.3107972035851403,1
227,227,2022-09-29 21:45:21.981000+00:00,70.18448893653331,0.8015318608917597,-0.717931956346631,-0.6938301526965213,0.0661614577463581,-0.776162769405126,2.0,-0.480827796691392,3
228,228,2022-09-29 21:45:22.108000+00:00,100.0,0.6036320174451549,-0.612854576803602,0.040927711976203,0.8268603630733371,0.169881159050948,-0.2355066864496661,2.0,3
229,229,2022-09-29 21:45:22.235000+00:00,90.48877008284734,0.1389849154857385,-0.0989267514622046,0.1097849793797579,-0.1491913247266551,0.6051627781359805,0.304582665219713,1.2272739515361228,3
230,230,2022-09-29 21:45:22.362000+00:00,33.48248796870007,-0.2590288929968203,-0.2974595506479232,0.5734102374159347,-0.9128619775876292,-0.1913436187032701,-0.1537902323951925,-0.9927541472469146,1
231,231,2022-09-29 21:45:22.489000+00:00,77.21302982913316,-0.4793317347496925,-0.1670192020424077,0.7107454332260367,-0.3731369505775398,2.0,-0.1383550447780323,0.3885642261916674,4
232,232,2022-09-29 21:45:22.616000+00:00,44.76032530389936,-0.511255656112924,-0.6480817974887635,0.8033256111640822,0.3591923462423187,1.0510863817341476,0.0635601131594196,-0.9452297935861588,3
233,233,2022-09-29 21:45:22.743000+00:00,68.4424304098484,-0.3573490813748609,1.747670956584354,0.692050119219303,-0.1364711175940964,-0.6520317082256271,0.5070428524755309,0.1513718433430908,3
234,234,2022-09-29 21:45:22.870000+00:00,68.29830653311836,-0.0715646621739662,0.7002049349257149,-1.1013796242167189,-0.7645208380494327,-0.5585041071925613,-0.5384844169725757,1.164810650247564,1
235,235,2022-09-29 21:45:22.997000+00:00,57.07058480336103,0.2235121028354931,0.1823578530101132,-1.3663326110469,0.8704752568224672,-0.2258823112423155,-0.8279680382000225,0.4081738119266664,1
236,236,2022-09-29 21:45:23.124000+00:00,71.75085907076271,0.3177470899328425,-0.6127146394427997,-1.2935504116371954,-0.4803604311182618,1.0949859866390874,-0.0844326475983991,0.7028598798647678,1
237,237,2022-09-29 21:45:23.251000+00:00,73.31292199324182,0.1506295498301917,-0.0655555737036625,-1.0194212011567525,0.3252480902662864,0.7495908995659453,-0.8512202436955516,1.097155144085454,1
238,238,2022-09-29 21:45:23.378000+00:00,87.31539162711692,-0.1377204675885723,-0.6554314749995857,-1.5031195170669998,-0.6824076842489956,0.609545401555682,0.0324485825822597,1.7922044375539992,1
239,239,2022-09-29 21:45:23.505000+00:00,41.21926660911782,-0.3013899229050232,-0.3573617406947802,-0.2777358345395933,-0.7950628845711653,1.9206635021389,-0.5234542127262346,-0.7160243727918839,1
240,240,2022-09-29 21:45:23.632000+00:00,52.81513178722097,-0.2714027680432987,-0.7604967300650879,-0.2344852577673441,-0.2594050877224987,0.2001520493845953,-0.1442409131761769,-0.0056349004437645,1
241,241,2022-09-29 21:45:23.759000+00:00,33.590015508822034,-0.2717888357597142,-0.8118813669530269,-0.7952152620455984,-1.0727285299043394,0.8187440368086865,-0.8537370220639293,-0.4754383688323229,1
242,242,2022-09-29 21:45:23.886000+00:00,52.25005732903251,-0.4175916407470156,0.2267134710669283,-1.0438799547595452,-0.627159879369177,-0.765920171481946,1.713773658426065,-0.68128851004062,1
243,243,2022-09-29 21:45:24.013000+00:00,79.64160721508826,-0.5411171887747336,0.5407493116021379,-0.4165527007949358,-0.9142493786142698,-1.0764779709343786,0.301810137066519,1.4874650609525184,1
244,244,2022-09-29 21:45:24.140000+00:00,27.576537463053462,-0.4639093536677938,0.4308214301328381,-1.5645654428025513,-0.9655401941090846,-1.185199748655957,-0.4603287727300824,-0.4777538379837823,1
245,245,2022-09-29 21:45:24.267000+00:00,65.8854483978227,-0.1912194737727499,0.3457089681467267,-0.6154599611795021,0.3865149604044914,-0.8017681752917771,0.1213919565465882,0.5390419219350927,1
246,246,2022-09-29 21:45:24.394000+00:00,53.58463784325989,0.1667777897881369,1.6591174168996536,-1.1534039227696868,0.5376374409685929,-1.1566647747859609,1.3836867994633786,-0.9153381268668236,2
247,247,2022-09-29 21:45:24.521000+00:00,56.8586319644833,0.4263919807326929,1.4378697854554423,-1.4725763465622603,-0.0706288844903143,-0.3027876157938737,0.5174590278284689,-0.3808710956673413,3
248,248,2022-09-29 21:45:24.648000+00:00,36.18591156587739,0.455465299708565,0.706683513113152,-1.1672835450199537,0.8478271069849038,0.0513442832794233,-0.7105469715726175,-0.9617159361355594,1
249,249,2022-09-29 21:45:24.775000+00:00,66.90225575709621,0.3057128371643665,1.398457090148302,-0.8113889726554899,2.0,-0.1889884440948866,0.3036720407222953,-0.2491854459873927,3
250,250,2022-09-29 21:45:24.902000+00:00,69.10737766997818,0.1256033080921538,1.3876313000093572,-1.0974189335447138,2.0,2.0,0.47754281996482,-0.6686054060962019,4
251,251,2022-09-29 21:45:25.029000+00:00,34.341531390043265,-0.0320959541697339,-0.0890263042908707,-1.2657457701368229,-0.3137938941830768,0.5024500323354201,-0.6752658280762593,-0.6792530711857707,1
252,252,2022-09-29 21:45:25.156000+00:00,86.44565706576994,-0.0891293520408002,0.4664375647452975,0.6153559728048675,-0.237792802977688,0.770379195970729,0.7945225635731884,0.6533825348194185,4
253,253,2022-09-29 21:45:25.283000+00:00,100.0,0.101926004483854,0.4863830516233823,0.390584397781799,-0.3623212625553635,0.4091916964796863,2.0,1.3064419738281738,4
254,254,2022-09-29 21:45:25.410000+00:00,36.49444909583653,0.4959661473637137,0.3219808578878319,-1.1712856882995113,1.560012666543995,0.3469216110077713,-1.015891987276769,-0.9328898476733648,1
255,255,2022-09-29 21:45:25.537000+00:00,64.44339465192019,0.8100556364234057,0.648877789818233,-1.02034146951117,0.0861999508702213,-0.6574156126076405,-1.0925454346744912,0.8029340014804145,1
256,256,2022-09-29 21:45:25.664000+00:00,80.66968245636434,0.7422085823352355,1.0299676564739852,-0.6115827730884962,-0.885736879643657,0.3901162798144496,-0.6700042509783456,1.2098555383102618,3
257,257,2022-09-29 21:45:25.791000+00:00,63.59003798789915,0.3278952836686023,0.5105186392840373,-0.986602056383712,-0.9001155087444471,1.294052773136373,-0.3375857921864043,0.2569530305344598,3
258,258,2022-09-29 21:45:25.918000+00:00,49.01652277930496,-0.0651859192932225,-0.1923110084652276,-0.6148043078493155,-1.043067754752817,-0.9299957563114584,-0.4064641147404726,0.262516131098109,1
259,259,2022-09-29 21:45:26.045000+00:00,33.182295578626714,-0.2291668744657068,0.222671434374193,-1.1070675980311302,-0.0676972388983527,-1.2925407622750544,-1.1706717101821813,-0.082970186851579,1
260,260,2022-09-29 21:45:26.172000+00:00,33.18044416514891,-0.161170513475422,1.356062480705982,-0.6932139047922835,-0.6322734654132817,-0.2476062396264174,-1.0468228294914894,-0.5408676411182685,1
261,261,2022-09-29 21:45:26.299000+00:00,57.96944534537971,0.1464081595633279,2.0,-0.6834132177969792,-0.810878822783176,-0.3219465380101283,-0.6070517918903935,0.0096614711975615,2
262,262,2022-09-29 21:45:26.426000+00:00,53.59287115715684,0.5091176385529146,2.0,-0.1967639127995809,-0.3251334814537029,1.628260246865216,-0.7457291172301871,-0.6723659964037099,4
263,263,2022-09-29 21:45:26.553000+00:00,30.55530585828261,0.6522544989143652,1.3740430196805475,-0.8073697716118773,0.7163982379015156,-0.9361317725266572,-1.2179517141821403,-0.943144243663355,2
264,264,2022-09-29 21:45:26.680000+00:00,31.32142772914761,0.4233583645156288,0.4318820206067678,-0.7276859763403526,-0.9954980180471666,-0.6512616510193603,-0.9877052027675176,-0.6251147605527022,1
265,265,2022-09-29 21:45:26.807000+00:00,73.83338878902745,-0.0762653161162957,-0.4077049986988422,-0.6054160881529903,-1.1814279328478916,-0.2774337892200624,0.0456227789357869,1.165092469673067,1
266,266,2022-09-29 21:45:26.934000+00:00,29.895939197418198,-0.5244844257368386,-0.4350443921577787,-0.5479451007390859,-0.6415263426838436,-0.3847150208669771,-0.7222148343163574,-0.5231014689368835,0
267,267,2022-09-29 21:45:27.061000+00:00,27.14531355899461,-0.6286159027352956,-0.5712555963746432,-1.378874865401792,-0.3065548056370072,-0.4005761649515005,-0.4376391697955815,-0.653126759781294,0
268,268,2022-09-29 21:45:27.188000+00:00,42.53578432708328,-0.3841093209218596,0.327542737708687,-1.0101036770895622,1.4687881831117162,0.7154486780698734,-0.9936104824148444,-0.3974862089307823,1
269,269,2022-09-29 21:45:27.315000+00:00,32.42947823283487,-0.0102967716027232,1.1117171167508355,-1.1249124203797842,0.3363078436536602,-0.6932602896105713,-0.9454683232241046,-0.63942698439902,1
270,270,2022-09-29 21:45:27.442000+00:00,26.6495506894018,0.2499344058432858,-0.190591709050155,-1.3044830300394965,-0.6692611150466533,-1.1102459670508615,-0.5133971140614595,-0.8168477568396014,1
271,271,2022-09-29 21:45:27.569000+00:00,33.809007854351854,0.3829519483172273,-0.3660776013914741,-1.1173115475005224,0.2035856667932231,-1.248729568706196,-1.1577402609152594,-0.280694471420955,1
272,272,2022-09-29 21:45:27.696000+00:00,70.03617941445785,0.461532252620012,0.2003675713164847,-0.4000556946196537,1.1862663816456531,-0.3139229217256848,-1.0413150909946125,0.8650948199169288,3
273,273,2022-09-29 21:45:27.823000+00:00,62.847988412756926,0.4365212236011286,0.5640542197514575,-0.6148343388238616,-0.7868991196561492,-0.6238924565555518,-0.4553167383285658,0.586274194200112,1
274,274,2022-09-29 21:45:27.950000+00:00,64.00215831494354,0.3119777521996732,0.7847344262015603,-0.5580959199960912,-0.8056263777508083,-1.315570273725087,2.0,-0.7797583309151745,2
275,275,2022-09-29 21:45:28.077000+00:00,52.44323157882052,0.2053440958913134,1.7013945757187,-1.1400133865116906,-0.8383539426023682,-0.7284303718242424,-0.5298246276610976,0.1909362745714574,1
276,276,2022-09-29 21:45:28.204000+00:00,46.142127492490296,0.2479427849753691,0.3540646886443991,-1.3383910881582228,-1.0897586462379192,-0.137771022688241,0.4433861329911288,-0.5745036419933909,1
277,277,2022-09-29 21:45:28.331000+00:00,37.54911769009006,0.3947582456804108,-0.1017194721545866,-0.3964845729414342,-0.803717000698319,-0.7646034932403141,-0.4049611633010776,-0.627407531442696,1
278,278,2022-09-29 21:45:28.458000+00:00,85.35167899593634,0.498939824207987,-0.4652929375621466,-0.4905836171134508,0.7757860457262516,-0.7393870916586597,-0.5694656103461059,1.6256057392897891,3
279,279,2022-09-29 21:45:28.585000+00:00,38.68257644364598,0.5714269524528302,-0.0680561273031046,-1.150906385376625,-0.820301989018833,-0.7249778102194622,-0.1884437468055544,-0.6235677200866682,1
280,280,2022-09-29 21:45:28.712000+00:00,34.263322172973325,0.6430016448659328,-0.5758000682925642,0.0015343383150718,-1.011281189130993,-1.2972918558753048,-0.4763360280061238,-0.7137115081407879,1
281,281,2022-09-29 21:45:28.839000+00:00,44.31153664406896,0.4882854562536187,-0.1024706195045875,0.2887531917368334,-0.3148060170359557,-0.5428117410455569,-1.049420691976762,-0.2320897200145607,2
282,282,2022-09-29 21:45:28.966000+00:00,41.58369167633241,0.1713800023393909,0.41386519061331,-0.5016724491368786,-0.3474925552802367,1.9174889816865464,-0.6222631189149658,-0.9513265468305924,3
283,283,2022-09-29 21:45:29.093000+00:00,26.587528603008664,0.0188828427822226,-0.4424811858683198,0.2837334715295657,-0.4581623149340222,-0.971974689468824,-1.0157791909854816,-0.7958010266890735,1
284,284,2022-09-29 21:45:29.220000+00:00,42.2918398508081,0.1159443779610739,-0.6620614927084734,0.7999594676760096,0.0743137770369607,0.3182768075221837,-0.9356009081052088,-0.5453492929367233,2
285,285,2022-09-29 21:45:29.347000+00:00,51.610866963045794,0.2742833663594084,-0.0170155047452766,-0.4362704818386096,-1.0179403886379128,-0.1520354583491693,-0.2883238530133949,-0.0436661223732863,1
286,286,2022-09-29 21:45:29.474000+00:00,70.18987674712565,0.3113222937667437,0.4089981578655252,-0.7522659611147181,-1.164332101620886,-0.0214267558787138,-0.7645840765324251,1.145412433493768,1
287,287,2022-09-29 21:45:29.601000+00:00,54.68053710320724,0.218019031048617,-0.142050474718161,-0.8863016607881808,0.5802370278992743,1.1584798933521876,-0.3902166780815351,-0.275952723989341,3
288,288,2022-09-29 21:45:29.728000+00:00,36.79761712568377,0.1156124353589562,0.1427914536980898,-0.4912354825651206,-0.8725968038883054,-1.1554970081181857,0.4081899027932579,-0.9145255259819466,1
289,289,2022-09-29 21:45:29.855000+00:00,36.33976215529128,0.0903242095570435,1.8047747589170209,-0.445557198780258,-0.6041642085150195,-0.1020315669449088,-0.3561517322826903,-1.001363109026988,2
290,290,2022-09-29 21:45:29.982000+00:00,51.06139296831798,0.1389355185661306,2.0,0.7141935451257142,0.8475270005282006,-0.5222226791808915,-0.3212083279437449,-0.7096467296327412,2
291,291,2022-09-29 21:45:30.109000+00:00,68.03691911077527,0.1572421289046069,0.5038403556743575,-1.4234994443946305,-0.284288958434285,-0.243782300187024,0.0775021609419459,0.655562141545177,1
292,292,2022-09-29 21:45:30.236000+00:00,77.35769649694095,0.070492243872836,0.8543239474221742,-1.2649684160351045,-0.7500010781607676,-0.009437840351588,0.4780641957491273,0.8889659407353787,3
293,293,2022-09-29 21:45:30.363000+00:00,54.11132675247039,0.0087717622158622,1.1596932690474249,-1.2030493633432735,2.0,-0.3616491515558985,0.3190326130007554,-0.982068977692235,3
294,294,2022-09-29 21:45:30.490000+00:00,71.64354468067039,0.0200516631372313,0.942208685639387,-0.8238011292643005,-0.6023033301132295,1.3849026900011685,1.3162425566917413,-0.2833101058241367,3
295,295,2022-09-29 21:45:30.617000+00:00,54.49821651122332,-0.0197256948894297,0.9024864721930153,1.100875865123811,-0.4123505733462951,-1.1464198273310662,1.0985304071976445,-0.8280674257656586,2
296,296,2022-09-29 21:45:30.744000+00:00,50.48821184947092,-0.062542218257215,2.0,0.2483260745221301,0.3033730658344654,-0.7494788145099484,-0.6074607784503074,-0.3220717203338376,2
297,297,2022-09-29 21:45:30.871000+00:00,51.634063708001584,0.0877072164182395,1.1267879967267698,-0.7546745945890881,0.837881366190402,-0.7729256711686708,-1.1941148214935222,0.2890474909673506,1
298,298,2022-09-29 21:45:30.998000+00:00,58.29522252240352,0.4834885656967794,0.3414804053604715,-0.5883164286749614,0.1955300570948043,-0.1129849926893469,-1.0038138693334884,0.3818923391317064,1
299,299,2022-09-29 21:45:31.125000+00:00,82.95820424107593,0.968096656093936,-0.1401097916230549,-0.8501758709597632,1.455829576634591,-0.689917880607079,-0.8200874948467111,1.365567468494223,3
300,300,2022-09-29 21:45:31.252000+00:00,54.94826473983603,1.324538642487054,-0.3876038977176665,0.1531354090484015,1.9061593050152597,-0.1233616292861951,-0.5348802393798695,-0.7127971889490049,3
301,301,2022-09-29 21:45:31.379000+00:00,69.10855911364793,1.3250993932397417,-0.5846891354553962,-0.7143289380941206,2.0,-0.5431892745157091,0.4339456306395807,-0.3621087658959716,3
302,302,2022-09-29 21:45:31.506000+00:00,45.02580872167323,0.9769140136953646,-0.5472495953774597,-0.6538849372163589,0.2528047876801574,-0.8825353256884158,0.0847417419769225,-0.794088252724313,2
303,303,2022-09-29 21:45:31.633000+00:00,45.54219856623136,0.536204556442704,-0.6400548522502975,-1.3544518085637467,0.8506772193142134,0.3679042916953082,0.1793441549503118,-0.888300051610137,1
304,304,2022-09-29 21:45:31.760000+00:00,52.62779188466962,0.2307721142222019,-0.2012275128075742,-0.7682445654380847,0.9759331267090322,-1.0873253693791751,-0.4838473924158253,0.1026159405982641,1
305,305,2022-09-29 21:45:31.887000+00:00,33.461606586592666,0.0478337089808392,-0.0703931988572914,0.6429731584030969,-0.4223470191826771,-0.2041774178700834,-0.9130480095577206,-0.8141641525434617,2
306,306,2022-09-29 21:45:32.014000+00:00,68.44611619813813,-0.254725079019128,-0.5529343305762905,1.2166867019730958,-0.5227880220751807,1.6861687186331076,0.3569029098541272,-0.104577966882655,3
307,307,2022-09-29 21:45:32.141000+00:00,54.34470879081322,-0.6668749192700235,-0.1813846643446637,0.8368068921790253,-0.1670221539541077,0.0088872898961111,-0.946003582427852,0.420939995819419,1
308,308,2022-09-29 21:45:32.268000+00:00,25.700872718996266,-0.7800668396293313,-0.5524877434648863,0.0515233266530378,-1.2292271010965383,-0.8865734900185831,-0.6149752305766332,-0.5822235195283593,0
309,309,2022-09-29 21:45:32.395000+00:00,30.39509586821621,-0.3375167807688102,-0.1557765619030287,-0.0609028085962244,-0.7816897745542059,1.3327497826052297,-0.9584888840261772,-0.9403782540002418,1
310,310,2022-09-29 21:45:32.522000+00:00,30.694149570034973,0.3739151421590519,1.660397764750078,-0.6312687160013787,-0.7061796713915603,-0.8761510214795821,-1.173597897824655,-0.6973606675402874,1
311,311,2022-09-29 21:45:32.649000+00:00,92.40478893781614,0.8359689226407395,2.0,-0.9062857281085566,0.9982356198983796,1.0228143176117852,0.3566012358975818,0.6292398424178258,4
312,312,2022-09-29 21:45:32.776000+00:00,84.54064251612677,0.8373142453794165,0.855971821336359,-0.4206027881291268,2.0,0.5794832112310897,0.1275008551756576,0.0218185212302151,3
313,313,2022-09-29 21:45:32.903000+00:00,100.0,0.6277241368956297,1.8255557877051776,-1.4913676317616162,-0.1405155483268748,-0.9738229382805474,-0.9545933843568548,2.0,3
314,314,2022-09-29 21:45:33.030000+00:00,47.7454891788904,0.5070867295918307,0.5896045237191583,-0.5760083496579139,2.0,-0.7394520206256766,-0.6183614760686176,-0.6157121001112162,2
315,315,2022-09-29 21:45:33.157000+00:00,62.452532211622696,0.509840202604449,1.605489601252392,-1.0983675276388438,-0.8584798045370874,-0.6788092391361291,0.9074096140752612,-0.2218072157728584,2
316,316,2022-09-29 21:45:33.284000+00:00,94.55169737616411,0.5653392510237758,1.100070847538761,-0.9203907063865936,1.4540224508397968,-0.7343570746501628,-1.0586839689612124,2.0,3
317,317,2022-09-29 21:45:33.411000+00:00,42.13254237488501,0.5618401952091758,-0.2027343546440602,-0.7864806747141372,0.1195413949334587,0.5192051645919169,-0.4992845024283825,-0.7711679942327349,1
318,318,2022-09-29 21:45:33.538000+00:00,64.61458744846661,0.4969177652428265,-0.5000462039030018,-0.7427503853124043,1.3966128975710457,1.2516458769978636,-0.4556616507117074,0.0097867651464872,3
319,319,2022-09-29 21:45:33.665000+00:00,88.15409369180603,0.4409126153395361,-0.0718712811574076,-0.791149878168907,-0.1609910113784878,0.3453051629581467,0.9429381430013516,0.8716106330123584,3
320,320,2022-09-29 21:45:33.792000+00:00,100.0,0.3865983980675696,0.025498956996719,-0.3412765596073516,-0.5862856801979596,-1.0464688409328522,0.6108067143084532,2.0,3
321,321,2022-09-29 21:45:33.919000+00:00,83.31601390956178,0.3826427924999228,1.9447156839167377,-0.4052955857062923,-0.5017362191770159,-0.6117580955803668,-0.8884010349528746,1.6215508023070648,3
322,322,2022-09-29 21:45:34.046000+00:00,53.00326490369503,0.5153777728281744,0.5185800143804771,-0.0182602778202367,-0.1877318271792335,0.0836852923296928,-1.0642856668386371,0.0230291482291863,2
323,323,2022-09-29 21:45:34.173000+00:00,61.95020147623492,0.7937212589505384,-0.1681615982693303,0.6994936142971389,-0.0555060054573911,0.6091434328017542,-0.3638584891024374,-0.2207970772243037,3
324,324,2022-09-29 21:45:34.300000+00:00,57.9099582650796,1.0650283218211627,0.862571246659578,0.2480100745466984,-0.1065523826040891,-0.3908565218210248,0.3384492259518187,-0.7163728060392611,2
325,325,2022-09-29 21:45:34.427000+00:00,93.7565153123459,1.1278864083185884,0.4727683702486738,-0.5368186009183898,-0.739451764796897,-0.4600755716853057,-1.0057693737889428,2.0,3
326,326,2022-09-29 21:45:34.554000+00:00,90.15330314136166,0.8270055929086967,0.4737401656586876,-0.8989199010791934,-0.421163272235641,-0.2432205215024078,1.547638920609644,0.6213216913308487,3
327,327,2022-09-29 21:45:34.681000+00:00,85.83678144913927,0.2422276079014604,0.94127624650626,-0.6331832960504319,-0.5206435399733923,-0.773654612909704,-0.2891688139477222,1.677828249880971,3
328,328,2022-09-29 21:45:34.808000+00:00,91.28281719980772,-0.2934457833842536,0.6915344224237134,-0.3890321272233407,-0.3627185242927992,0.9721141887488348,0.559810704939479,1.2482335461029923,4
329,329,2022-09-29 21:45:34.935000+00:00,60.20533794222538,-0.4842081923891118,-0.3989167578083296,-0.7661491484199054,-0.922554174755312,0.4099394820404929,-1.176398563194562,1.141315639379487,1
330,330,2022-09-29 21:45:35.062000+00:00,34.972543618995374,-0.3127418209374905,-0.5209447786783519,0.1247840384989564,-0.6474081254720389,-0.6623010330864616,-0.7877315521181154,-0.368818888628075,1
331,331,2022-09-29 21:45:35.189000+00:00,60.688485568396025,-0.0099252934180535,0.1054393690003005,0.0244537097494644,-0.2473173678001203,-0.283596616661978,-0.3351056427345277,0.3494057079060483,2
332,332,2022-09-29 21:45:35.316000+00:00,34.701963270747974,0.156306169306707,0.9848659061906082,0.0743757392369072,0.043996070948553,-1.1257334888330988,-0.6130718635705156,-0.8420742205986365,2
333,333,2022-09-29 21:45:35.443000+00:00,40.376640607785454,0.0815564180222505,2.0,-1.140860029241956,-0.3223716959162785,-1.1776837393200712,-0.6391913015682972,-0.4982838575864965,1
334,334,2022-09-29 21:45:35.570000+00:00,83.80991966034661,-0.072285186712265,1.736101727179096,-1.3690534934208003,0.831697432131117,0.1268623439958139,0.1393090581405199,1.076933817665758,3
335,335,2022-09-29 21:45:35.697000+00:00,74.2932763344586,-0.0529883254891141,0.9126531971647794,-0.9136142154611806,0.9910432476298778,0.9204547798777636,0.5311694274948188,0.1751410275641965,3
336,336,2022-09-29 21:45:35.824000+00:00,29.5651955555598,0.1141999769864908,0.3533636746360131,-1.473437412850653,-0.977819089903924,-1.1650020895061188,-0.5081230705414936,-0.5884408988656333,1
337,337,2022-09-29 21:45:35.951000+00:00,25.1679451565652,0.2801746581285393,0.4833162384867414,-1.5600909928885072,-0.6391967231077379,-0.5515548200935316,-0.9796182771145788,-0.8111414533669615,1
338,338,2022-09-29 21:45:36.078000+00:00,55.11913918122117,0.4922766699489483,0.4777506216457927,0.4960702267825974,-0.0022177844613174,-0.6429778014717166,-0.2851842847604938,-0.2495003856858598,2
339,339,2022-09-29 21:45:36.205000+00:00,69.3392108385313,0.757834682462842,2.0,0.4244179789903434,0.2311448009881613,0.4049602902961536,-0.153302217210185,-0.2090620741779612,3
340,340,2022-09-29 21:45:36.332000+00:00,62.319181046237226,1.0841306934986432,2.0,0.4443675706236117,2.0,-0.1463868904761144,-0.438560367077705,-0.9251227350255468,3
341,341,2022-09-29 21:45:36.459000+00:00,53.23883322083418,1.4717820150479326,-0.2034186039841862,-0.4627073655145333,0.2138861788601479,-0.9211175418756116,-0.7348257572543656,-0.184380888120962,2
342,342,2022-09-29 21:45:36.586000+00:00,61.765035370155616,1.7812407533855668,-0.5277584719541986,-1.0100107960956644,2.0,-0.2650415923684924,-0.6183594618312123,-0.2573210509802178,3
343,343,2022-09-29 21:45:36.713000+00:00,50.88993994399616,1.7652835564083882,-0.8737696906951499,-1.0830717871330569,0.6623506344089805,0.5961592005131446,-0.2638634115912394,-0.9009898421956188,3
344,344,2022-09-29 21:45:36.840000+00:00,67.2305090509397,1.4040494874312164,-0.7555874423125385,0.7064446978545149,1.2182633465430015,2.0,-0.4478319891627685,-0.7016927743965891,3
345,345,2022-09-29 21:45:36.967000+00:00,48.88475399215537,0.8808822684525378,-0.6602521472349107,-0.5892991413443949,-0.6502414157441399,1.2408727773768182,-0.4738772379143982,-0.5910175562802337,3
346,346,2022-09-29 21:45:37.094000+00:00,53.07472063823258,0.4784760545630533,-0.0094952493562622,-0.4832601307915768,0.9130055906273952,-0.3104826484447816,-0.7795067284549058,-0.0550878521773619,2
347,347,2022-09-29 21:45:37.221000+00:00,69.48424874790845,0.3938603297188796,0.0443088282188943,-0.5167586836481063,-0.7387663520534271,0.6813949562443412,-0.9641088836264844,0.9534679895999882,1
348,348,2022-09-29 21:45:37.348000+00:00,61.35158743696609,0.5167162731254407,0.555848556153079,-0.9490663010931544,0.8175749898577036,1.736180367478941,0.9624418935925876,-1.0475473655694765,3
349,349,2022-09-29 21:45:37.475000+00:00,63.64191403111039,0.5825795596774175,0.4066152456268022,-1.066891075055589,-0.4511679659731308,-0.4477923199541172,0.631434260528412,-0.0208941239186252,3
350,350,2022-09-29 21:45:37.602000+00:00,69.90948025300438,0.4902654659707069,-0.5606151252389656,-0.6106622983666052,-0.364072132984974,-0.729426667039185,0.0193603177257176,0.7474513660453939,1
351,351,2022-09-29 21:45:37.729000+00:00,76.54216569265137,0.2667354337223312,0.3956661364958686,-0.9866160049435376,-0.1904989711810898,-0.007787195412424,0.2178718613468,0.822551212951317,3
352,352,2022-09-29 21:45:37.856000+00:00,34.20172099107925,-0.0233345907418411,0.9095558835478216,-1.055412303114827,0.1112493789656707,1.2761778593638469,-0.8145643846977886,-1.0222185812069569,1
353,353,2022-09-29 21:45:37.983000+00:00,25.07072609505897,-0.2978246930054773,0.1536549940689408,-0.0593043854586064,-0.7353519108498456,-0.4740478190270266,-1.0934997320409208,-0.7791549235969031,1
354,354,2022-09-29 21:45:38.110000+00:00,31.137628326001845,-0.371017116994348,1.091328234458068,-0.7321150938846435,-0.430781726650129,-0.5649470072586332,-0.0365656627737728,-1.0405082601265805,1
355,355,2022-09-29 21:45:38.237000+00:00,36.88849170696414,-0.1784427006860263,1.017770225340732,-0.7844488371285155,-0.5439715357718499,-0.3135732491427578,-1.0558064583889364,-0.2834488341835162,1
356,356,2022-09-29 21:45:38.364000+00:00,63.89828874580376,0.1642436528367168,0.0373130944265846,1.2520525156458049,-0.1955886668930476,-0.5170229526375084,-0.3405211515449247,0.2619928074298862,2
357,357,2022-09-29 21:45:38.491000+00:00,75.35449755826956,0.4705164714584494,-0.5096186051456286,-0.0598499258498722,-0.4194769768230142,-0.2544683865959197,0.5149800140109568,0.5433458168297925,3
358,358,2022-09-29 21:45:38.618000+00:00,37.1389185553983,0.7267909085270257,-0.6605169152661318,-0.2581306756266459,-0.1540260975292353,0.5950067331251182,-0.6211520406155219,-1.039276964550287,2
359,359,2022-09-29 21:45:38.745000+00:00,81.18339521068003,0.9214028752577904,0.9610281334618576,-1.2855898906156635,1.4043330594752936,0.2255260313864912,1.9635562828373463,-0.4925926233050114,3
360,360,2022-09-29 21:45:38.872000+00:00,50.04562880682872,1.0136910943898958,1.1964652280803574,-0.5020022073657988,0.790031952754643,-0.8728053495819427,-0.7565857763952478,-0.4214628809646087,2
361,361,2022-09-29 21:45:38.999000+00:00,49.57028467908631,1.0146112117184742,0.1572589773757981,-1.2778049580792192,0.8131300055900952,-0.7899345749138391,-1.0183667144621749,-0.0493380088188978,1
362,362,2022-09-29 21:45:39.126000+00:00,47.37906368273453,0.9350173122995444,0.7612755542523568,-0.3207803392447694,-0.2501726456928378,0.8804815369719473,-0.5463992921493462,-0.8543808220532819,2
363,363,2022-09-29 21:45:39.253000+00:00,49.256890843487504,0.8390579322964271,-0.0543265781806739,-0.7528756056251675,-1.035760049468371,0.769118611027321,-0.1792801096525143,-0.5870406369037797,2
364,364,2022-09-29 21:45:39.380000+00:00,64.79117246087965,0.7954228364198274,-0.0003597737848329,0.0647511207322437,-0.6309969133538145,0.1099379529660476,0.7028515514289155,-0.354040267315266,3
365,365,2022-09-29 21:45:39.507000+00:00,48.98774865956843,0.7649011663313598,-0.2366513427328604,-0.9412063863738064,0.0481445536458484,1.026722453370281,0.1184125449725623,-0.9170913121301412,3
366,366,2022-09-29 21:45:39.634000+00:00,28.18420813044463,0.714579194513189,-0.8316170859122641,-0.4299998935139789,-0.309752123066138,-0.6840551853760367,-0.9242296474512948,-0.9445170361705612,1
367,367,2022-09-29 21:45:39.761000+00:00,48.30741624250716,0.6074717468622876,-0.9214924231121646,0.1600023821415805,1.5478112671062452,-0.100364089357231,-0.3447890448718555,-0.7545428617185228,3
368,368,2022-09-29 21:45:39.888000+00:00,50.69552767314264,0.4604189867348376,-0.8716779142838292,1.077159101991886,-0.0772377594219302,0.0840261627120023,-0.5093390057861171,-0.4412604137953247,2
369,369,2022-09-29 21:45:40.015000+00:00,60.41137468739198,0.3377586084723503,-0.8245952919000779,-1.0504614682459148,-0.8297140984362901,2.0,-1.17685614079024,0.1197031809673579,1
370,370,2022-09-29 21:45:40.142000+00:00,21.549486409324327,0.2885608933444628,-0.1704881315128948,-1.195614343299204,-1.0566498597871536,-0.6466919237148713,-0.922115252964378,-0.9291477230601516,1
371,371,2022-09-29 21:45:40.269000+00:00,32.21329985636222,0.2087855583164628,-0.7469171565256052,-0.0753328055956397,-0.5493988569347946,-0.42632344416919,-0.7389985330465839,-0.7438098809551806,1
372,372,2022-09-29 21:45:40.396000+00:00,49.85233877469784,0.0076278905252436,-0.3701111152866286,-0.6616192611438131,-0.0565087720842079,0.3717107352277631,-0.6641635910891145,-0.0147902280061674,1
373,373,2022-09-29 21:45:40.523000+00:00,39.66981711228991,-0.1725458570294605,0.0337913840277574,-1.0361337812124174,-0.1181099811690867,1.0765814236734228,-0.5496086995119832,-0.6488485508837124,1
374,374,2022-09-29 21:45:40.650000+00:00,83.57982633581194,-0.3266135417163567,2.0,-1.1056586187210578,-0.2558467927477165,-0.8798303079426464,1.103955448832905,0.9260733803236216,3
375,375,2022-09-29 21:45:40.777000+00:00,60.52828614131923,-0.5519298340842305,1.132595440926624,-1.3027070910083132,-0.6761696197951493,-0.8709557092024773,2.0,-0.7156863764259771,1
376,376,2022-09-29 21:45:40.904000+00:00,60.81535033086853,-0.6092750337139797,2.0,-0.6974634531047013,2.0,-0.4134738294693417,0.0729027662253647,-0.2381246000380368,3
377,377,2022-09-29 21:45:41.031000+00:00,64.7615869381879,-0.3224038463403728,1.304665843308992,-1.034673992230687,2.0,0.4774584717033598,0.0988973444165952,-0.2442919122306536,3
378,378,2022-09-29 21:45:41.158000+00:00,78.91742016363845,0.1450541719391394,1.049663121301092,-0.4867528210319894,0.1459829250109494,1.106750591809817,0.0591050185688743,0.5899246863443732,4
379,379,2022-09-29 21:45:41.285000+00:00,64.81369268692313,0.5437772959911241,-0.1614468570293869,-0.6516408158900133,0.4219680898417479,-0.4436336027919423,-0.7585228765929437,0.6625612080814127,1
380,380,2022-09-29 21:45:41.412000+00:00,43.92656045176016,0.7481475068872282,1.5632181447995492,-1.0990570921701952,-0.8674074485931205,-0.6526177056996398,-0.9527129602437128,-0.2214002219870846,1
381,381,2022-09-29 21:45:41.539000+00:00,67.15434124087427,0.8051583456903811,1.1523208070938182,-1.3231440538927086,0.7871734680650452,-0.5358936917850032,0.4253752357335184,-0.0429487293665965,3
382,382,2022-09-29 21:45:41.666000+00:00,93.143342285467,0.851963106537326,2.0,0.134909803981796,-1.1125341940511904,-1.0859582165742747,2.0,-0.4491867720949869,3
383,383,2022-09-29 21:45:41.793000+00:00,58.10776896823433,0.9256478395243828,2.0,-1.3584541544960955,-0.1754110760517782,-0.8564955789870173,-0.5132821112335071,-0.3617106062770515,2
384,384,2022-09-29 21:45:41.920000+00:00,64.37670848421809,0.9571698328281196,2.0,-1.3399770720381463,0.2247322399904836,-0.9081184675876232,-0.7210149751180289,0.3269900383647978,2
385,385,2022-09-29 21:45:42.047000+00:00,61.647677628167926,0.920507952304657,1.432829682203303,-1.1242840537332737,0.3768455230975548,-0.5542241908431275,0.5983697898131247,-0.460899053628424,3
386,386,2022-09-29 21:45:42.174000+00:00,84.99434771953108,0.8179250791351103,1.0463426404974612,-1.387595452080359,0.3394666502997777,0.7204621422482523,0.9756836781434114,0.3579925911211374,3
387,387,2022-09-29 21:45:42.301000+00:00,63.399579936898654,0.7025295930282146,-0.4140301748914771,-0.782725475913241,0.3893643824261297,-0.0852332318480979,1.807054121313252,-0.9085883043097228,3
388,388,2022-09-29 21:45:42.428000+00:00,47.61781171346438,0.6267499214894787,-0.6408337934783856,-0.4646565053731114,1.1397165831849556,0.3654934486116072,-0.7779296576956786,-0.5100769171958626,3
389,389,2022-09-29 21:45:42.555000+00:00,33.72929465649113,0.6024552056744524,-0.5129326613645088,-0.7522965114589254,-0.4915353538973414,0.7959482451469118,-0.8824721003693082,-0.930529847018753,1
390,390,2022-09-29 21:45:42.682000+00:00,39.13191881787493,0.6542047705448472,-0.1911603151429578,-0.2984198577686087,-0.0927061747176427,0.1438283567997758,-0.5443193297115786,-0.9077830782504234,2
391,391,2022-09-29 21:45:42.809000+00:00,73.11674667447669,0.7390204529204455,0.5610849756696044,0.494262066747331,-0.4741871922176947,-0.5654105264692542,-0.9046434748478558,0.9539858718902816,3
392,392,2022-09-29 21:45:42.936000+00:00,79.26122187844067,0.7809250055662975,-0.2476182608202638,-0.7956508393835159,0.4465593504573655,-0.0471608765497219,-0.6071775716040907,1.1572415857243257,3
393,393,2022-09-29 21:45:43.063000+00:00,89.48421312960663,0.6643476621038426,-0.3401313533012218,1.5416078319184363,-0.9443596239782824,-1.122923960232715,-0.0490629518214042,1.448245713127493,3
394,394,2022-09-29 21:45:43.190000+00:00,58.377060681493454,0.4179696947428137,-0.2795806769974884,-0.4103428263979203,0.1535647271481458,0.54956884031977,-0.5285140228193783,0.0440140996773984,3
395,395,2022-09-29 21:45:43.317000+00:00,44.04981237666636,0.1111318600221858,0.7162869557730139,-1.0797619573621573,-0.6577853364910989,0.989206860741027,-0.3936890516134597,-0.5889838695279878,1
396,396,2022-09-29 21:45:43.444000+00:00,28.09428401765949,-0.0851174968804888,1.4272086178897287,-0.7243586523570607,-0.7874821199146255,-0.2596977298894432,-0.6455577563051189,-1.022484199084711,1
397,397,2022-09-29 21:45:43.571000+00:00,38.09701116330172,-0.0034030043444957,1.1775193624864115,0.3189864783955216,-0.5463723647368429,-0.2559368713916439,-0.6874906983296427,-0.7397653162610831,2
398,398,2022-09-29 21:45:43.698000+00:00,52.76138739930631,0.2571163640016441,0.7379381038181606,-0.8866274169159968,-0.5710364234199946,0.2892426035027963,0.0034692797312393,-0.3195601261514636,1
399,399,2022-09-29 21:45:43.825000+00:00,85.32029984799749,0.4755566833453047,0.2320530251066994,0.2460455620259568,0.5362372451353081,0.7336830387516109,0.2654646826933282,0.6468885645848368,3
400,400,2022-09-29 21:45:43.952000+00:00,82.53141704786773,0.5662509901261901,-0.6191230406412166,-0.7482694936701252,0.2710201480115801,-0.2374896466017907,-0.4911993512029163,1.4505948797227706,3
401,401,2022-09-29 21:45:44.079000+00:00,58.87629688855408,0.5708082392101144,-0.2956795024760875,-1.168374380791208,0.1687061640761606,-0.3774697808080401,0.1767851542602022,-0.0207467568840729,1
402,402,2022-09-29 21:45:44.206000+00:00,44.03691716884635,0.6388229791179955,0.2671141780545796,-1.0868626638938264,2.0,-0.8135650107991134,-1.1172080021182187,-0.3912131926315423,1
403,403,2022-09-29 21:45:44.333000+00:00,64.43216495246412,0.8356114845764222,1.4689272796290775,-0.9490756863944516,0.4999194596794525,-0.0013822149799305,-0.7433810682788693,0.2675202874613683,3
404,404,2022-09-29 21:45:44.460000+00:00,75.53526713865946,1.0348106146646665,0.3521879458687988,-0.5708228377760999,0.8197592794142748,0.0971903351300097,-1.0304561393627008,0.892869967521397,3
405,405,2022-09-29 21:45:44.587000+00:00,69.58670971811614,1.119697982408632,0.8670996865454973,0.3214209483164424,-0.522936811709717,-0.360300776121533,0.2360200438579677,-0.045195240949575,3
406,406,2022-09-29 21:45:44.714000+00:00,100.0,1.0335435138175022,0.793817777093511,-0.7160470652621193,-0.7510249793431203,-1.180617348798529,-0.8681002893027282,2.0,3
407,407,2022-09-29 21:45:44.841000+00:00,100.0,0.8660390103929253,0.2661378181166201,-0.4117072076668808,-0.5790914454093454,0.4174833305942833,0.156281049054325,2.0,4
408,408,2022-09-29 21:45:44.968000+00:00,39.27520013911787,0.6820053018886556,-0.6857134947521986,-0.1156435304144738,-0.7225256198964021,-0.9785434260933408,-0.6319200192764577,-0.4759739838906233,1
409,409,2022-09-29 21:45:45.095000+00:00,48.27954323185958,0.4568485013839277,-0.8496929009797738,0.1675884010566167,-0.1882672767500412,-0.0845262780074401,-0.7666155147246587,-0.1891845210398485,1
410,410,2022-09-29 21:45:45.222000+00:00,47.7584769579957,0.2437642081904119,-0.7280450526369691,0.380239087316023,-0.8327352722229063,0.3132893783906391,-0.6402166699696406,-0.2419045368344934,1
411,411,2022-09-29 21:45:45.349000+00:00,60.37124447566819,0.1812420599191537,-0.2813144791636796,-0.26797536840847,-1.0466594728038596,0.3707379675149869,0.5997966074283755,-0.1722478400699564,3
412,412,2022-09-29 21:45:45.476000+00:00,61.14403671159709,0.2157432181079331,-0.4549347985732116,-0.1407494925230012,-0.7384361847388857,0.509791274420639,-0.1974638154178535,0.20634605758612,3
413,413,2022-09-29 21:45:45.603000+00:00,100.0,0.2249458783160625,0.945061696348794,1.117789045647145,0.4828376700902789,2.0,-0.4521865115540951,2.0,4
414,414,2022-09-29 21:45:45.730000+00:00,69.22385709110944,0.1513021434549965,1.145142381958434,-1.084203967035567,0.8912708105150217,-0.1908461078421725,0.8960107948098227,-0.084425565870865,3
415,415,2022-09-29 21:45:45.857000+00:00,79.13741609661628,-0.0203361058692798,0.1035998659991229,-0.9640013126026266,0.1893230048441325,-0.0490242668876841,0.839045359852333,0.6999356460209595,3
416,416,2022-09-29 21:45:45.984000+00:00,73.01759452429778,-0.2839603312801697,0.3793340498342479,0.8381008057129026,-0.6420864027410333,-0.3814450980468091,2.0,-0.3403835199799322,3
417,417,2022-09-29 21:45:46.111000+00:00,25.393791191525192,-0.4403204484628378,2.0,-0.3086277870418134,-0.8202326889260351,-0.9550188965756046,-0.6155530977641352,-1.0429920977480245,1
418,418,2022-09-29 21:45:46.238000+00:00,36.386510914753785,-0.2726591485418926,2.0,-1.3151681763168772,0.2080661113105139,-1.0914448367334264,-0.5486262844050223,-0.5325709473080263,1
419,419,2022-09-29 21:45:46.365000+00:00,76.93116096281514,0.1809930636323887,1.8462730638045155,-0.7875501680597022,1.5246587846308384,0.6460143701716751,1.2480310134390389,-0.3413899595765154,3
420,420,2022-09-29 21:45:46.492000+00:00,59.00955523493809,0.6393080276810265,0.4605922538694306,0.0411186059804305,2.0,-0.6726973962390697,-0.1791021730665518,-0.5339067998401693,3
421,421,2022-09-29 21:45:46.619000+00:00,100.0,0.8448861156393798,-0.1354993805881801,1.5726464197814067,-0.1970703987508813,-0.5523818422796157,2.0,0.0620627348667185,3
422,422,2022-09-29 21:45:46.746000+00:00,95.1228698272136,0.8681810071803859,-0.059159986263898,0.5171503393900351,-0.8390791751592063,-0.0400316203558092,1.635295180131827,0.6203361658717954,3
423,423,2022-09-29 21:45:46.873000+00:00,83.1560831990361,0.9496618972712908,0.6956793458535133,2.0,-0.6070934406760079,1.587045008941623,-0.0727728150356742,-0.3373334893267574,4
424,424,2022-09-29 21:45:47+00:00,75.50892075655858,1.1031711362443657,1.1057495686521706,-0.7384160396805803,0.6396618167586432,-0.207333718101259,-0.593933716090239,0.6656560055912716,3
425,425,2022-09-29 21:45:47.127000+00:00,53.49941353343292,1.2211409632954382,2.0,-0.6811440089516806,2.0,0.1235476086014788,-1.121451199951494,-0.8538276957402754,3
426,426,2022-09-29 21:45:47.254000+00:00,81.5354652634421,1.2027938437722197,2.0,-0.1495705387674105,1.4776188464858686,0.036512170039454,0.4822418207088923,-0.8964149835918759,3
427,427,2022-09-29 21:45:47.381000+00:00,66.9674890817859,1.062878774692416,1.6546021429909172,0.023119216312895,-0.6761336171944368,0.0246717572118644,0.7778593620608297,-0.5541873596936068,3
428,428,2022-09-29 21:45:47.508000+00:00,50.63611922048162,0.8750706141726046,0.3858131882354543,0.5104903499355686,-1.149996125350269,-0.9458745234246388,-0.4619947416863608,-0.2589707432493572,2
429,429,2022-09-29 21:45:47.635000+00:00,65.59283276686917,0.7402700573220689,0.6879967513868733,1.6448553369522878,-0.2725145087120593,-0.6039529160545107,0.1120984237923775,-0.2493676739009369,2
430,430,2022-09-29 21:45:47.762000+00:00,71.36154117772408,0.664536391231301,0.0814313145016462,0.1974188520789229,0.0774766573957725,0.3840876089185353,-0.962810351540578,0.731575502553555,3
431,431,2022-09-29 21:45:47.889000+00:00,62.56219885291314,0.5755253110756017,-0.8272479207633648,-0.8895779074423004,-0.8808871343475199,-0.099107397371077,-0.9149952717615116,0.8863492284044453,1
432,432,2022-09-29 21:45:48.016000+00:00,100.0,0.3515801399928971,0.3194440476821361,0.8121167330547776,-0.808404783831768,-0.6291931921613027,-0.353471125095053,2.0,3
433,433,2022-09-29 21:45:48.143000+00:00,53.64753651236183,0.0270810738789735,0.0259387909653172,-0.8606860150225369,-1.1464468483119536,-1.0156894996778352,0.1123472862403129,0.2316147556445352,1
434,434,2022-09-29 21:45:48.270000+00:00,42.83747802642609,-0.1550837727946775,0.4823727018756851,-0.0462214284280991,0.2709675945121484,-0.8559427311619291,-0.4701065022259223,-0.4051048904659539,1
435,435,2022-09-29 21:45:48.397000+00:00,28.96958283773646,-0.1092842571753802,-0.4813255478704915,-1.4023648037594485,-0.2106793954203026,-0.5992022498982708,-0.2112422921519737,-0.8660306570430383,1
436,436,2022-09-29 21:45:48.524000+00:00,100.0,0.0389907225821453,-0.0893717474840374,-0.0466083988080784,-0.914658339812096,0.604008384414618,0.4525887734513259,2.0,4
437,437,2022-09-29 21:45:48.651000+00:00,65.82213423671583,0.1333465211469304,-0.1176732463511148,0.6894373053107293,-0.079393552057608,-0.692948166601955,-0.8333904417493716,0.7917005779342751,2
438,438,2022-09-29 21:45:48.778000+00:00,31.655987531987066,0.1654650856478403,1.672942524528649,-0.6134816744121517,0.4863907862027684,-1.2940343363325362,-0.8503750668047719,-0.8527365157605264,2
439,439,2022-09-29 21:45:48.905000+00:00,45.238833280085366,0.2091284025467142,1.7575305605371332,-1.023407260759509,2.0,-1.1903122536783632,-0.8005147343654209,-0.4712670492149263,2
440,440,2022-09-29 21:45:49.032000+00:00,44.002350459607456,0.3163883474216274,0.826016238867395,-0.3275155225443993,-0.0697928363330221,-0.9787458074201524,-0.5141732640313063,-0.4087018565998002,2
441,441,2022-09-29 21:45:49.159000+00:00,81.16951428413702,0.4928621485847776,-0.395058845182238,0.3416102931199426,-0.1596978007309653,-0.2447605222267751,-0.4073852397350019,1.200105084133105,3
442,442,2022-09-29 21:45:49.286000+00:00,55.85886978353663,0.6054912890016356,0.2850098728062301,-0.8175179663969676,-1.004364352008599,-0.2785220184296325,0.1354166666896795,-0.1289216356239237,2
443,443,2022-09-29 21:45:49.413000+00:00,98.42762530903644,0.5900593740580279,0.3846619669804034,-0.2966404226185997,-0.2331376107416138,-0.7492288815321462,2.0,0.8141050037814924,3
