,timestamp,total_power,p0,p1,p2,p3,p4,p5,p6
0,2022-09-29 19:45:51.127000+00:00,100.0,-2.0,0.2546145824316071,2.0,2.0,2.0,2.0,0.9260782744856377
1,2022-09-29 19:45:51.254000+00:00,0.0,-2.0,-0.4158424620171608,-0.7215652042748396,-0.5414891415590967,-1.0071712222144105,1.121175145937281,-0.729143578866982
2,2022-09-29 19:45:51.381000+00:00,6.640398032018829,-2.0,0.5955809158874844,-1.0846386863922048,-0.5459109239202276,0.09481162301365714,-0.19625896251590363,-0.5356629285744179
3,2022-09-29 19:45:51.508000+00:00,32.09070882787936,-2.0,-0.1171454873893878,-0.11433742424888943,0.6430101846861745,-0.2635970337223345,0.6440252959958612,-0.6418924583893086
4,2022-09-29 19:45:51.635000+00:00,50.096037465815385,-0.1053703667995011,0.8767587616373788,1.5843384884054392,1.0313762719687516,0.37974640497497497,-0.4059191786564645,-0.8686087293803789
5,2022-09-29 19:45:51.762000+00:00,71.17832386958987,0.9831546408874037,-0.18056702715744063,1.7339399122412693,-0.8713995036654344,1.2777262245094603,1.2666907828072704,-0.6227923783842727
6,2022-09-29 19:45:51.889000+00:00,69.27448863052437,1.2441886869642405,-0.7288692719073583,0.09591866771673686,1.3035470850787052,0.007799346534897575,1.090044639621259,-0.3546937556737653
7,2022-09-29 19:45:52.016000+00:00,50.978841831567955,1.3293292735520517,-0.7143333104780968,-0.15511673718138244,0.2609233921511253,1.6522743552092438,-0.66519510828407,-0.9021211251044067
8,2022-09-29 19:45:52.143000+00:00,83.46329962495199,1.4607379233960274,0.09579855602761504,-0.9687384125962716,0.0884769499009493,-0.402838051316106,-0.44014374581818877,1.9286973422586196
9,2022-09-29 19:45:52.270000+00:00,55.37587174830605,1.4557169672840296,0.010905816587926321,-0.6996603223319963,-0.876513757862884,0.24459560845600442,-0.28669999288695847,-0.29834071247721194
10,2022-09-29 19:45:52.397000+00:00,78.55546436453888,1.3113115658074719,1.6566182194299917,-0.7538440239052687,-0.5411338115867919,1.8741289304932387,1.2621242245328002,-0.2529612502656209
11,2022-09-29 19:45:52.524000+00:00,69.70977988618193,1.2246157537452917,2.0,-0.32129311888580114,0.28333814145479963,-0.6437298910623473,1.0826163776204363,-0.7607827620386106
12,2022-09-29 19:45:52.651000+00:00,92.32586534608402,1.208383416541224,0.9458794969995648,1.8665403759777792,1.1725304458060026,1.2840978996379107,0.18583252262626113,0.7636622504872188
13,2022-09-29 19:45:52.778000+00:00,76.98635916602949,1.1698565676260722,-0.7360018958965869,0.5124174481962313,1.2286235419539941,0.0669308574990243,0.11128452667198217,0.7416145926310095
14,2022-09-29 19:45:52.905000+00:00,83.87228220319376,1.1315807908497746,-1.0826400745323392,2.0,-0.021448277489915096,-0.9695694166106568,2.0,-0.9676384159611384
15,2022-09-29 19:45:53.032000+00:00,73.83292250522439,1.1214968064389266,-0.7127424651264954,-0.39321914481156284,0.34376282429502897,-0.8018457009589262,2.0,0.054624356645183864
16,2022-09-29 19:45:53.159000+00:00,58.21024088752394,1.1111865482588728,0.012561905251306831,-0.21539275536723415,-0.6228382751107875,-0.660278627801384,0.9915742613944741,-0.5700152079454003
17,2022-09-29 19:45:53.286000+00:00,54.287474515473654,1.097403631456612,1.126652797297876,-0.08492630193518251,0.5262169078714791,-0.8074550182243795,-0.7620549360054955,-0.2919596465157114
18,2022-09-29 19:45:53.413000+00:00,71.47825948345316,0.9623011419071208,1.6033600316918262,-1.3605405415513583,0.3686107623713932,0.5736166537210228,1.3689926116586602,-0.2893826450704296
19,2022-09-29 19:45:53.540000+00:00,50.8737882272972,0.7342986051792353,1.752911629735669,-0.9881402722008352,1.2741553904181633,-0.40697411882248796,-0.14888101673669532,-0.841999987959266
20,2022-09-29 19:45:53.667000+00:00,56.549833946788944,0.6723231677933281,0.23141139651746992,-0.9562514128871563,0.500858047163549,0.11013313833513558,-0.595748265300539,0.24473934180488102
21,2022-09-29 19:45:53.794000+00:00,71.98785280010134,0.8821045386383595,0.07145332629704176,0.11817862196397357,-0.6298589433958303,-0.6553651238240787,1.0206645391872544,0.4866754099659577
22,2022-09-29 19:45:53.921000+00:00,55.62292756732767,1.1664634079608622,-0.05063383011838194,-0.2614544916748051,-0.5278501697523611,0.44457768065828285,-0.9691137767465065,0.08196541682699275
23,2022-09-29 19:45:54.048000+00:00,55.310768641496324,1.2937931048746223,-0.163326416367046,-0.07263008254573396,2.0,0.5455041843639303,-0.6934114058915978,-0.8660574855456598
24,2022-09-29 19:45:54.175000+00:00,70.83612236472473,1.1694584481652581,-0.4546377986533046,0.08692387019069127,2.0,-0.6182513306507804,1.4356568097164069,-0.4550739465308334
25,2022-09-29 19:45:54.302000+00:00,87.2732005928134,0.9149939313713652,-0.7190251777598788,1.1724708686717777,2.0,1.198036668544454,1.2107116617842288,0.3263593540607371
26,2022-09-29 19:45:54.429000+00:00,46.92381995512577,0.7989038572871505,-0.8323985325652354,-0.21463937758777246,0.39528970490519627,0.6296351692941942,0.12592694203285898,-1.0565417784495899
27,2022-09-29 19:45:54.556000+00:00,57.15337672519023,0.8806357914384774,-0.7483263836615545,-0.34149706325071605,-0.6836574102177744,-0.4884534584337702,-0.6020308571349302,0.617484027450733
28,2022-09-29 19:45:54.683000+00:00,73.69860260623776,1.0149559004251856,-0.4471329141312134,-0.7264304009433131,-0.09609638442283695,-0.5756681318192031,-0.2767343560973466,1.5208875202848284
29,2022-09-29 19:45:54.810000+00:00,58.3005688114535,1.1055798266942283,-0.9976472238721537,-0.5547166864656611,-0.7195076893601428,-0.2570116989162252,0.7239150999247554,-0.16601637929479007
30,2022-09-29 19:45:54.937000+00:00,60.38809514554657,1.1741754436648069,-0.497021411284103,-0.372499544618467,0.10243136823290117,0.6423169826071544,0.39524013682486486,-0.42225506137925634
31,2022-09-29 19:45:55.064000+00:00,59.732788697999965,1.2200414943329165,0.37673813674064566,0.6607034207246852,0.7339527058524149,-0.3934534706055872,0.3742345527008247,-0.8144684400865859
32,2022-09-29 19:45:55.191000+00:00,100.0,1.215535666090688,0.8358267890473827,0.32616223108168524,0.9200557196968432,1.0241257142611524,2.0,-0.6641557761378665
33,2022-09-29 19:45:55.318000+00:00,90.5189914276515,1.1888833538457422,-0.20678666373118032,-0.4242010756186977,2.0,0.9201895847839043,2.0,0.04657513759638693
34,2022-09-29 19:45:55.445000+00:00,100.0,1.0879569195194494,-0.5742188418189765,-0.6207617691152331,0.9880017062175712,1.9945094749435446,0.48504902029444935,2.0
35,2022-09-29 19:45:55.572000+00:00,60.67823796321107,0.9029560063792591,-0.6731809572425884,1.2983053272301126,-0.7895890560426799,-0.5965197488771855,0.2165145940392087,-0.02468660934157735
36,2022-09-29 19:45:55.699000+00:00,75.49376954039805,0.720619078616506,0.8921596503227885,0.49779796804029053,-0.1643081083672425,1.36512710179321,2.0,-0.6529783823835587
37,2022-09-29 19:45:55.826000+00:00,65.4077056280671,0.6264389451512404,1.5982501665775108,-0.32096412369115856,-0.9180769076097022,0.7577248230784266,0.12291049063211264,0.13644025661537645
38,2022-09-29 19:45:55.953000+00:00,50.67937173007677,0.6577941987855344,1.42455273959312,-0.30269519476390155,-0.529553867767083,-0.3059630902078004,-0.00937009279306532,-0.6686098917661066
39,2022-09-29 19:45:56.080000+00:00,59.85110370369275,0.7940807375103655,1.340627619836998,0.02258640697867912,-0.3749140341756595,0.047395452431312116,0.19737597776954946,-0.38134879411044914
40,2022-09-29 19:45:56.207000+00:00,76.03751930707416,0.9620196478241124,0.15394419508189977,-0.355227662471652,0.4809575291415,0.4151236241565664,2.0,-0.42085301940798264
41,2022-09-29 19:45:56.334000+00:00,67.63829435057697,1.0476771034916228,0.6073324513486897,1.2008411486353796,-0.2769215004316947,-1.0824113400535256,-1.044021974543003,0.9156909180594623
42,2022-09-29 19:45:56.461000+00:00,41.54302483256261,0.8853085292972211,1.0668122348803941,-0.8239049720537819,-1.177805746031304,0.1120794113951032,-0.9515661049745656,-0.6969813847380009
43,2022-09-29 19:45:56.588000+00:00,54.19960269152342,0.5855769304961128,0.9996569385084105,-0.6203898502384108,-1.1802643633655232,1.1663498265134251,-1.0814266971271698,0.19865667779911683
44,2022-09-29 19:45:56.715000+00:00,40.15334668648467,0.4806359134837238,0.8066310982220452,-1.2891646211971328,0.2742257804675187,-0.2628845064165059,-0.5651634060528047,-0.7818331635493921
45,2022-09-29 19:45:56.842000+00:00,58.28447218637488,0.7668973316760407,0.6793565601230019,-1.33968635125874,0.22266262889640628,2.0,0.25762307427874154,-0.6495287251202694
46,2022-09-29 19:45:56.969000+00:00,58.661609417155546,1.2418833305198176,0.3461993988588624,-1.2352162624995935,2.0,-0.5934817176707525,0.43987439658233835,-0.6919552096698207
47,2022-09-29 19:45:57.096000+00:00,85.33639726623572,1.4895799785735926,0.023807189101177646,-1.257825139700924,2.0,-0.829232174093533,-0.6839510676247474,1.9104592997454692
48,2022-09-29 19:45:57.223000+00:00,55.30839308592482,1.2594373044500318,-1.0568769077799738,0.24139498523658848,0.14308577693479183,-0.5367872354389293,-0.13472091743268638,-0.2721031503913745
49,2022-09-29 19:45:57.350000+00:00,41.695050711348635,0.7184046773851528,-0.4318649559832648,0.15229666598423255,-0.9571280655169694,-1.2289309126837407,0.3330757741451324,-0.9497910849422098
50,2022-09-29 19:45:57.477000+00:00,40.84324042708295,0.37854894949296225,-0.050344973478014955,0.1517258777864877,-0.2343782004209165,0.5205441848995997,-0.4161847062731634,-1.0502886407537777
51,2022-09-29 19:45:57.604000+00:00,84.36886682415401,0.49561842869366335,0.6001898456619938,-0.669297958724124,2.0,0.010713150722931082,2.0,0.0792542048269605
52,2022-09-29 19:45:57.731000+00:00,84.65100228726901,0.8807943481549598,1.1970307171739125,-0.18824452745972728,0.19471927019135493,-1.0001018804469586,2.0,-0.1505837471650668
53,2022-09-29 19:45:57.858000+00:00,97.61247753547332,1.2345308765438292,1.1735584836968957,-0.3058983878510094,-0.7104321703352885,2.0,0.8812278376214283,1.378630828730674
54,2022-09-29 19:45:57.985000+00:00,91.66025798188032,1.4491905567114005,1.2984644148937246,1.3625992629018657,-0.7013346350390892,-0.1498305802443515,2.0,0.04475108244939705
55,2022-09-29 19:45:58.112000+00:00,69.37878784038234,1.5214476712841711,0.33065907513648074,0.4341458829395213,-0.5284155816538122,0.23820983774013513,1.191902485926925,-0.6124707346958445
56,2022-09-29 19:45:58.239000+00:00,74.65362851630603,1.467835383942378,0.33428516304917827,2.0,-0.15631549739400383,1.5867140014159107,0.6400852810051332,-0.8710071988345979
57,2022-09-29 19:45:58.366000+00:00,72.26817435469059,1.3673781637973488,1.6408847821268768,1.1872413616103488,-0.8628710245436042,-0.08497003736057415,-0.28397163825203436,0.22857900297921266
58,2022-09-29 19:45:58.493000+00:00,100.0,1.366006261306993,2.0,2.0,-0.6700281838950963,-0.33266140802506855,0.5565619397033932,1.4546266259711371
59,2022-09-29 19:45:58.620000+00:00,66.55874043291287,1.4112533915580643,2.0,-0.5950343199919464,1.1429793437439948,0.0989343052208215,-0.4071547647497248,-0.485932577853752
60,2022-09-29 19:45:58.747000+00:00,65.06362301510437,1.3246624861474776,2.0,-0.586147775017144,2.0,0.9088933438105727,-0.7821614126914169,-0.6273090011293795
61,2022-09-29 19:45:58.874000+00:00,60.82559836734815,1.0749770355404418,0.5865336401276602,0.7633159714529868,0.16352144164060117,-0.8449838967742443,-0.21927208903012776,-0.13132412742222935
62,2022-09-29 19:45:59.001000+00:00,46.406708619536005,0.7480005732848438,-0.10920363970131934,0.36900624125659093,-0.5013697335145288,-0.7681005610165315,-0.4613133398766278,-0.4872979019037097
63,2022-09-29 19:45:59.128000+00:00,48.857834823793546,0.5317344388530997,0.3097603563222061,-0.9555579336758242,0.4327260075020461,0.10178054531474671,0.45109028416250513,-0.8688660973172155
64,2022-09-29 19:45:59.255000+00:00,43.59644716855548,0.6044324252068449,-0.16707153528430227,-1.128107068606697,-0.35010074388120754,-0.06933656720147022,0.4488520691468838,-0.9514299153513016
65,2022-09-29 19:45:59.382000+00:00,98.88642305257272,0.8313194331489732,0.08151353760025484,-1.2484610013164448,0.6032191786418318,0.4849876401152385,2.0,0.6873749194775215
66,2022-09-29 19:45:59.509000+00:00,50.07061584561652,0.9227608268004337,0.1101758644387194,-1.2736771567386242,0.8282594972335708,-0.5921003590479913,-0.25034232972610126,-0.3692289694129976
67,2022-09-29 19:45:59.636000+00:00,50.35045584096724,0.8057485425292309,-1.0824207345914791,-0.19518792811825691,1.2561705124291738,1.0486493136088597,-0.7681762185201351,-0.5019951561480511
68,2022-09-29 19:45:59.763000+00:00,32.21265283673663,0.5557532721796813,-0.9385554931719691,0.6571416322391352,-0.2785744879193441,-0.834461393844069,-0.8298716052203905,-1.125287195038308
69,2022-09-29 19:45:59.890000+00:00,71.64847756338457,0.2956266041456688,-0.6444559118234975,1.9654325471995024,-0.8367059195070002,-0.3574863452437874,2.0,-0.36546588141487385
70,2022-09-29 19:46:00.017000+00:00,41.32400342199955,0.18766634882681055,-0.1977857005934094,-0.5530898666046768,-0.8873614731761316,1.1919403574087972,-0.4868182406420519,-0.6792335405970069
71,2022-09-29 19:46:00.144000+00:00,36.23355520454541,0.35955582187142526,-0.6260029583367946,-0.04248221708661358,-0.8644639792954139,-0.26029876495749216,0.022037819876780763,-1.1284504448283668
72,2022-09-29 19:46:00.271000+00:00,56.754693771801804,0.6305783031144515,-0.9283932758223686,0.19831686095064535,-0.43547623677624564,-0.13000632627820216,0.7424129280690768,-0.30252781662541656
73,2022-09-29 19:46:00.398000+00:00,48.248455179255075,0.7577602070595594,-0.2953723750538615,-0.5194246181033408,0.4260397684398564,-0.8506692048078395,0.3761090830080624,-0.7351389354489605
74,2022-09-29 19:46:00.525000+00:00,73.59519555568022,0.8398394569806369,-0.5024614460899677,2.0,2.0,0.2934109012330166,0.9733726434399793,-1.1083649027505103
75,2022-09-29 19:46:00.652000+00:00,72.13392802965461,1.0565703214656963,0.28072301917489867,1.0854369506807298,0.2626253543282328,0.5411657307066953,0.6994069470801044,-0.2216822785534943
76,2022-09-29 19:46:00.779000+00:00,67.0373791110111,1.3798104799226738,0.2096283712849402,-0.3244776141783638,1.2189594760516105,-0.4215392163822795,0.9203339144361197,-0.47869605390489384
77,2022-09-29 19:46:00.906000+00:00,100.0,1.6552924869591914,-0.6617203151523167,-0.2995622076998654,-0.5270692493145543,0.7774874303507958,1.208779141083741,2.0
78,2022-09-29 19:46:01.033000+00:00,82.01041106828768,1.7148361196705777,-0.4807474415726674,2.0,0.9475049754006747,1.4414398734627114,1.3348429042338033,-1.1369906858678587
79,2022-09-29 19:46:01.160000+00:00,76.43172865619901,1.5530414073952772,0.1980645261494788,2.0,2.0,-0.3863219356664171,1.5133375816027064,-1.2186084469775553
80,2022-09-29 19:46:01.287000+00:00,75.95947477986667,1.268002291413106,0.051400632961386784,2.0,1.1095707956198555,-0.6102544842974756,-0.1668757978524546,0.033036091823329464
81,2022-09-29 19:46:01.414000+00:00,48.770702629951806,1.0234660540833058,0.11264145293805515,1.9696157061175892,-0.045260054699239924,-0.17450886513826686,-0.9432155765360423,-0.9226595582797708
82,2022-09-29 19:46:01.541000+00:00,43.899536377482384,0.8702050458279937,0.5959153570304764,0.44509145437022385,-0.3071863214571941,-0.8296227719556558,-0.30802726409207015,-1.0472531040490516
83,2022-09-29 19:46:01.668000+00:00,61.85487763993834,0.7449839604588553,-0.28770303059217256,0.06465946069975063,-0.009661303986425724,-1.0034466113596174,1.9709363897804635,-0.6861623329204707
84,2022-09-29 19:46:01.795000+00:00,41.70515392631554,0.5749849931480882,0.0848941635863962,-0.6146406668653036,-0.9189175461223204,-0.07402418171822962,-0.7491844841181152,-0.44337436632575916
85,2022-09-29 19:46:01.922000+00:00,35.84665906544359,0.43907636566378355,-0.08835842560784582,-1.30545284235567,0.33103515312458276,-0.5286494066569134,-0.6350036914874723,-0.7682369530594896
86,2022-09-29 19:46:02.049000+00:00,44.09029230824644,0.47958496965242836,-0.5590404770966941,-0.6845558753091444,-0.4477267675092553,1.1539110362171443,-0.9253743710114175,-0.3529693122904446
87,2022-09-29 19:46:02.176000+00:00,57.13927437596513,0.666986724382644,-0.2126425451276003,-0.02116278918328698,-0.5199024597221811,-0.5558134262587072,0.24487579685839525,0.023572698565043862
88,2022-09-29 19:46:02.303000+00:00,77.59241086525284,0.8032415050047569,-0.8469470622104167,0.6867497240934929,2.0,-1.2087663510168905,1.134102696296613,0.4549477840664922
89,2022-09-29 19:46:02.430000+00:00,64.62683169837686,0.806667934745976,-0.2714279591579957,-0.6763875364758347,2.0,-0.14405720597782012,-0.15880939560999316,0.13264263042552524
90,2022-09-29 19:46:02.557000+00:00,81.27198070744792,0.7914850219707993,-0.3114940830755756,-0.2660792570750056,2.0,-0.9387163874762179,0.8479925843168546,0.7054839934462449
91,2022-09-29 19:46:02.684000+00:00,47.61889185992516,0.8824809127323254,-0.5649750353065445,-0.5522746657488653,0.18055823317553268,-1.037531517191294,-0.6967440159600397,-0.05360654468573221
92,2022-09-29 19:46:02.811000+00:00,86.98642914529394,1.0482834387884026,-0.6493565843527391,-0.5032781068600756,-0.3408723952499946,0.03390479388417186,-0.12338526708258259,2.0
93,2022-09-29 19:46:02.938000+00:00,60.130550307601894,1.083147135714662,-0.7386160682844686,-0.27336247374362665,0.12379012882982444,0.003984210518878648,0.38404946318291194,-0.18375686215979073
94,2022-09-29 19:46:03.065000+00:00,65.05861664156845,0.9284675830220191,-0.9524709443239298,0.010529436467085148,-0.945469068253198,2.0,0.9641329324318436,-0.758901056047934
95,2022-09-29 19:46:03.192000+00:00,76.55740068219468,0.8106509819469719,-0.5317519858844061,0.668162853594194,-0.7195361231244144,0.7008240140058458,1.72183747078944,0.1063278701138419
96,2022-09-29 19:46:03.319000+00:00,68.4658640912635,0.8442843464885531,-0.11554635205816209,1.5360882484642788,1.217679050694125,0.720984968694626,-0.1417863204183691,-0.13015403695924474
97,2022-09-29 19:46:03.446000+00:00,92.57175134967133,0.8956128447667181,-0.8996229236089425,1.5163958046872135,-0.5455904659140706,2.0,1.7611348704952223,0.5224329811757239
98,2022-09-29 19:46:03.573000+00:00,100.0,0.7787697150844919,-1.080931401870818,2.0,2.0,1.4958486636454795,2.0,0.9113076620068697
99,2022-09-29 19:46:03.700000+00:00,55.63696497522546,0.5428580718050797,-1.0908909304149434,1.8333530170055248,0.037798512486968826,1.6358456247859612,0.05665165925148766,-0.8858153946390911
100,2022-09-29 19:46:03.827000+00:00,42.8299700096524,0.4463052316946541,-0.9179532547623671,0.05647647644381044,-0.36366155729756405,0.5032525565150072,-0.6410659670804523,-0.5553282050340368
101,2022-09-29 19:46:03.954000+00:00,38.02871863007956,0.6085769508773732,-0.6067233092672238,0.03424840897340058,0.020663056383644424,-0.8867268711212019,-0.8116298027778933,-0.6882681782486966
102,2022-09-29 19:46:04.081000+00:00,50.3450693305921,0.8828079699955305,-0.5074532157666343,2.0,0.011022370534709239,-0.3402183368983387,-0.9499318296807954,-0.728291047843385
103,2022-09-29 19:46:04.208000+00:00,64.38172532556555,1.0958662517677873,0.6509438301032245,0.7498820684785491,0.11024659043560898,0.24480193483003712,-0.22726334822573063,-0.16290889891760224
104,2022-09-29 19:46:04.335000+00:00,50.11456007945482,1.1761640570707506,-0.08341364845026424,-1.1562725059755732,0.24453033989087414,-0.12825951070316483,-0.9038798224838424,-0.1303858653599262
105,2022-09-29 19:46:04.462000+00:00,86.51111932411162,1.1892413815565572,-0.11637158656927123,0.9062798844604033,-0.4070734964080545,-0.47688155155020256,-1.0233474350581657,2.0
106,2022-09-29 19:46:04.589000+00:00,82.66075463868206,1.2473258061947674,0.4217253989095104,-0.7991157870248562,-0.16214470117713137,-0.64457714841418,-0.5516683953942385,2.0
107,2022-09-29 19:46:04.716000+00:00,69.1125174494297,1.3247698482124326,-0.6098763023545878,-0.9189956143377432,0.6661709400839244,1.5610188929479942,-0.5667210460977449,0.5258780694378381
108,2022-09-29 19:46:04.843000+00:00,60.09858281120064,1.3025727244807117,-0.911535329177094,-0.1615469666798835,0.8953947944474145,-0.2573175784536981,0.5097281737366185,-0.47219013363671347
109,2022-09-29 19:46:04.970000+00:00,50.55445468540696,1.1337122920634866,-0.31670046741731966,-0.33755330513062104,0.025788444479127214,1.3465828330567922,-0.36374063496974907,-0.9053642659564405
110,2022-09-29 19:46:05.097000+00:00,67.66828205253026,0.8388251853280494,0.28015811015446024,-0.5392916515490124,1.8971696668524598,-0.7295006679680639,-0.6455498987019571,0.8271111922760893
111,2022-09-29 19:46:05.224000+00:00,55.27923500190027,0.5803640014605573,-0.8212650853620211,-0.31455258409910236,0.8925599829575535,0.7570214236072427,-0.051146727479566736,-0.29612959203505523
112,2022-09-29 19:46:05.351000+00:00,31.994378711255628,0.5591252132150389,-1.0942578829343288,0.44872377050198664,-1.0002504173246827,-0.5949176950072003,-0.7569247582753181,-1.0162124907292875
113,2022-09-29 19:46:05.478000+00:00,40.28782171472068,0.7648863398960732,-0.7302640107992452,-0.28861012718112994,-1.1211108578366074,-0.819144067127145,-0.1800142395055326,-0.6692987184975061
114,2022-09-29 19:46:05.605000+00:00,69.2071629469598,0.9876815045866062,-0.7372671630734542,0.07894201839247675,0.06488910124229784,0.31021848893293663,0.8950166654779746,0.08871021302519688
115,2022-09-29 19:46:05.732000+00:00,89.92575354355125,1.113511767894616,-1.2050473301396147,2.0,0.558573031011092,1.6729327673248624,-0.20756931800853812,1.1313055273489054
116,2022-09-29 19:46:05.859000+00:00,69.50361380967817,1.121632813039595,-0.9536860424571647,2.0,1.2106309770448442,-0.48454412559666066,0.23612491426185686,-0.2774173742951261
117,2022-09-29 19:46:05.986000+00:00,49.28570117826716,0.9968136755017596,-0.5936893094852254,1.1949320558771863,1.7532612687894287,-0.318914023654902,-0.8054929265662893,-0.8984869183880456
118,2022-09-29 19:46:06.113000+00:00,45.986507935108065,0.8461034533820633,-1.0079448759405432,0.6782622103776509,-0.2621364645861834,-0.2610159792976305,-0.09025814094747678,-0.8593989438261597
119,2022-09-29 19:46:06.240000+00:00,53.42288723966673,0.7863888688806695,-0.9445892393571186,1.9999891789450592,0.8707245689627938,-0.6866040997989828,0.03484373567758591,-0.8182004706483398
120,2022-09-29 19:46:06.367000+00:00,60.231096651887825,0.8140413920211319,-0.9964266258479907,0.28228643084466604,0.3029143636494132,0.4861991118050338,0.2758864651927225,-0.19618334543600813
121,2022-09-29 19:46:06.494000+00:00,100.0,0.8532796937649183,-0.5875643192304396,-0.978523903632033,1.0677505720276963,2.0,2.0,2.0
122,2022-09-29 19:46:06.621000+00:00,67.738297194621,0.8323236182920398,-0.9667782255060607,0.2036537188710603,-0.5942338120288098,-0.12696381963659045,-0.6292224869155753,1.2483302960193392
123,2022-09-29 19:46:06.748000+00:00,67.45289792590813,0.6971876273241837,-0.15074564647580005,-0.3080046600248381,-0.6892067435462061,-0.7040524733718705,0.43569622136762715,0.7998746877011707
124,2022-09-29 19:46:06.875000+00:00,75.56297070020256,0.4908791546642725,-0.9442193076573424,0.4018662858655258,-0.911752338852331,-1.077911413560867,-0.11731703093780992,2.0
125,2022-09-29 19:46:07.002000+00:00,38.316313166798146,0.3822974853935445,-0.3570192988875154,0.808425780942565,-0.9540502719555655,-1.19783720230837,-0.42434344967533644,-0.7435650919401986
126,2022-09-29 19:46:07.129000+00:00,42.70545683963157,0.41217832604611576,-0.6912906498023778,-0.785612387870088,-1.0361608021996156,0.042943755211600626,0.005070807710981968,-0.49894493231205767
127,2022-09-29 19:46:07.256000+00:00,62.60973668211197,0.5284638484123078,-0.9347313792979376,-0.9347684250922123,-0.8823025374906239,-1.2405564935008935,2.0,-0.27594895010138043
128,2022-09-29 19:46:07.383000+00:00,51.93440724602773,0.6265503652327391,-1.1510669639665463,-0.8394939764918792,-0.7299239066661916,-1.302323974596213,1.3028667431658059,-0.29672613054418356
129,2022-09-29 19:46:07.510000+00:00,52.51137970440304,0.5538884172127122,-1.187162055371782,-0.3031544915124959,-0.7452091596117334,-0.6714547085844939,-0.0822031063821806,0.3162010970087722
130,2022-09-29 19:46:07.637000+00:00,48.11203060243032,0.3103844602027476,-1.2252359130710215,2.0,-0.6814318077314527,0.8158254225478473,-0.8942417524205362,-0.7345401379751262
131,2022-09-29 19:46:07.764000+00:00,45.484139514070534,-0.007786420892009261,-0.9068330925888076,-0.44878910027309743,0.634864142441256,2.0,-0.8050466062737609,-0.7637421753261291
132,2022-09-29 19:46:07.891000+00:00,27.12021618597383,-0.2618788380831574,-0.9967412688333159,-0.6313056848630372,-0.6702960518196436,-0.6864673177674112,0.09685524304295633,-1.1499684280009954
133,2022-09-29 19:46:08.018000+00:00,35.66842257975131,-0.2966343408305649,-1.2380851513262452,0.270553872311125,-0.7368341478586062,0.09406259313118126,-0.5034146128931436,-0.5099258706286524
134,2022-09-29 19:46:08.145000+00:00,34.70276101570751,-0.11148681439652007,-1.0514676896886772,-0.3460963140143527,-0.7491841925437872,-1.2582762269812096,-0.06774178029731483,-0.47399743482550755
135,2022-09-29 19:46:08.272000+00:00,66.63577826408952,0.20305680828353184,-1.215597510745602,0.7597996954057572,-0.39353905006573575,-0.803730500676407,0.16397011753570512,1.13648855584421
136,2022-09-29 19:46:08.399000+00:00,74.39980512076271,0.5640488100339793,-1.2631687184463531,2.0,0.33925667766903234,0.9956779439978827,-0.0063196123988249545,0.5151630127758832
137,2022-09-29 19:46:08.526000+00:00,80.19098329553174,0.8494208273955957,-1.0704593002014233,2.0,0.6199457195609778,1.0864302682843423,0.2007887697398714,-0.14862354385672077
138,2022-09-29 19:46:08.653000+00:00,66.17425733888305,0.931904172812846,-0.9727914667359685,1.3495774930708773,2.0,-0.2513823306081098,0.9105179226894548,-0.7725176600794648
139,2022-09-29 19:46:08.780000+00:00,86.18811706794409,0.8398103311244851,-0.8160912586082646,1.7104836644013264,-0.2100131006357357,0.8331201857184883,1.3569175983996842,0.6777192411436354
140,2022-09-29 19:46:08.907000+00:00,100.0,0.7199557386855336,-1.1124196185523887,2.0,-0.5195876381130181,0.17033767184871423,2.0,0.42587728843994727
141,2022-09-29 19:46:09.034000+00:00,100.0,0.6303186235755566,-1.1821698103981053,1.54200916714906,2.0,1.799643856458046,2.0,-0.05979994859406933
142,2022-09-29 19:46:09.161000+00:00,92.92744846108725,0.5533492032663762,-1.0055218768235255,2.0,1.200305741044315,0.25951504010388465,2.0,-0.3238223673226209
143,2022-09-29 19:46:09.288000+00:00,58.7046760448965,0.4880979322612902,-1.0880169744807058,2.0,-0.17717718413856687,-0.05479076566860645,0.813354227837794,-0.7950625116024744
144,2022-09-29 19:46:09.415000+00:00,55.208457377360055,0.40280197687070557,-1.136428285589045,1.4781164049916127,2.0,-0.5794470480263216,0.2189414706409631,-0.7486223260471316
145,2022-09-29 19:46:09.542000+00:00,50.04212937431003,0.2399107706398401,-0.6938382594561237,1.3660167599624917,0.46847899700744466,-0.04735495849965815,-1.0125888235203253,-0.08455630694257757
146,2022-09-29 19:46:09.669000+00:00,50.20137871204614,0.028077372768622547,-0.4404111688746151,2.0,0.6612525801428243,-0.2900698195403528,-0.6138227400640933,-0.49448085414274406
147,2022-09-29 19:46:09.796000+00:00,66.20398127501086,-0.129828163935515,-0.7934507369673088,2.0,0.3346257342558778,-0.24447702543377728,1.3140419863192023,-0.32616324661387686
148,2022-09-29 19:46:09.923000+00:00,100.0,-0.23651557610740725,-0.8146417585090019,0.24568086370439965,-1.0129328679739382,-0.9648826292815678,0.6945071192080119,2.0
149,2022-09-29 19:46:10.050000+00:00,36.92373908380133,-0.3210653650179623,-0.8212427900350376,-0.6574864190996942,-0.7249741731248,-1.115214344192858,-0.3876248682580093,0.001651048387574898
150,2022-09-29 19:46:10.177000+00:00,51.308745720700465,-0.35543656913782046,-1.151465119170614,0.2888635306411693,0.25563506179062107,-0.32112597851179414,0.9827758066437687,-0.29547477831385127
151,2022-09-29 19:46:10.304000+00:00,38.21389205816572,-0.3028152337057619,-1.1339333337313375,-0.7331016048482456,1.9368029478456112,-0.5354027166422093,0.1307776010349586,-0.8110691027828131
152,2022-09-29 19:46:10.431000+00:00,32.62251808592709,-0.16881273694587617,-1.0335387523373925,0.8164221586244451,0.6038932889242469,-0.48485677068936095,-0.6610211881488212,-1.0296375468920682
153,2022-09-29 19:46:10.558000+00:00,50.51759819156318,-0.10376798314755117,-1.0161812620694035,0.5584486650682201,0.6307458536250549,1.516755703765775,0.35632868196703477,-0.8052288797528437
154,2022-09-29 19:46:10.685000+00:00,26.747106044570288,-0.29470852011577575,-1.1989815310153515,0.5816685028817545,-0.9506236127532981,-0.89476197377527,-0.3589391532194634,-1.0532128899007385
155,2022-09-29 19:46:10.812000+00:00,38.2795944720132,-0.5804953512625405,-1.171868448759658,2.0,-0.453757360538793,-0.497854331127879,-0.26797115928483606,-0.8749685823083884
156,2022-09-29 19:46:10.939000+00:00,63.071359166838086,-0.523407805422316,-1.2081166494835158,0.8312698788055909,-0.005520421562758138,-0.10383921505999688,0.6065698409408599,0.777576088278956
157,2022-09-29 19:46:11.066000+00:00,60.578420165473084,0.04540040803995997,-0.6426503007098786,1.529834393761112,1.2198666666439864,-0.30375841222423267,-0.3677921896743526,0.30742900873569545
158,2022-09-29 19:46:11.193000+00:00,60.608286329882354,0.788300818469285,-0.8604725618967092,2.0,-1.0029279208940687,-0.11947911782942416,-0.7105897028042107,0.11016616895060816
159,2022-09-29 19:46:11.320000+00:00,92.23812686412043,1.2351979390855474,-0.9447859272709251,2.0,1.4035317684150697,2.0,0.7966206032662098,-0.37698151837506516
160,2022-09-29 19:46:11.447000+00:00,82.39647778082589,1.2401340574526587,-1.0097247196734687,2.0,0.23188511323280497,1.2578656467708353,0.13310349391571086,-0.11632559975129977
161,2022-09-29 19:46:11.574000+00:00,75.41903973684202,0.9225993342667471,-1.1000907959422102,2.0,0.21959616200918664,0.4141696600281923,1.8455809682735145,-0.9454698585482841
162,2022-09-29 19:46:11.701000+00:00,47.756352213478664,0.5311860884354395,-0.9916667336285863,2.0,1.247091199048036,-0.02505086165940047,-0.6607428543445572,-1.1883377376669269
163,2022-09-29 19:46:11.828000+00:00,73.97692729668611,0.2939888317932454,-1.1202810555615461,2.0,2.0,0.88339363013851,0.6160721416764074,-0.5384838650048885
164,2022-09-29 19:46:11.955000+00:00,79.73611276474634,0.33068925676155614,-0.37836806882810486,2.0,-0.724667059558989,-0.3963047707660302,-0.9744138500382564,0.7298923429242558
165,2022-09-29 19:46:12.082000+00:00,86.3467431750039,0.5258062049364612,-0.6870750214576814,2.0,-0.4265066357449954,2.0,0.10876276387550825,0.12449067262945318
166,2022-09-29 19:46:12.209000+00:00,57.57570926828794,0.6332486875103116,-0.875200012308328,0.9465351508702466,1.5298810479371978,2.0,-0.44004611272390864,-0.8281679880097582
167,2022-09-29 19:46:12.336000+00:00,100.0,0.49789261564698495,0.07686191513213149,1.5811618593301298,2.0,2.0,2.0,-0.14297008505430028
168,2022-09-29 19:46:12.463000+00:00,74.74954752557758,0.19860252893763108,0.363167470144626,1.7981607698592053,-0.5477316114965153,1.363600065775854,1.837133502783468,-0.43164740667058854
169,2022-09-29 19:46:12.590000+00:00,67.88579611857895,-0.06504041576217783,-0.7236738061558993,1.763187561868798,-0.8959321201301848,0.9350339144764805,1.0575125526144373,0.12392593451930048
170,2022-09-29 19:46:12.717000+00:00,61.347476850484824,-0.21824990663859123,-0.9632484704300366,1.427794562917443,0.7225859546131047,-1.0841184726683966,0.19261479450757138,0.6035632851690784
171,2022-09-29 19:46:12.844000+00:00,44.46882431009041,-0.31479771288268005,-0.052558645524196965,1.1898847735579872,-0.6466637798536139,0.2153320886851352,-0.9878096056386675,-0.118358026461626
172,2022-09-29 19:46:12.971000+00:00,59.02644372201756,-0.39742370932450233,-0.8898144793686775,2.0,-0.9757990110797317,-0.20566718462486555,1.2204442849474024,-0.26625805907269345
173,2022-09-29 19:46:13.098000+00:00,61.07317558594572,-0.4281924765038341,-1.0418854047423922,0.4599562262815896,-0.6145023914758838,-0.05335814205040445,-0.29279663034159076,1.27134971195756
174,2022-09-29 19:46:13.225000+00:00,34.7540072417031,-0.38237543780629135,-1.1311597833892595,-0.32338064707990605,-0.5691212482477135,0.2956850704139683,-0.7459109458074751,-0.33317089046213016
175,2022-09-29 19:46:13.352000+00:00,40.211430582248106,-0.2587318187483978,-1.1783531644284257,2.0,-0.2682710509941002,0.49216638559925335,-0.7499814827549184,-0.9138761296318971
176,2022-09-29 19:46:13.479000+00:00,35.930065680750495,-0.049437043802885806,-1.2346000909646715,0.5904343846825281,0.05667641349745074,-1.091358934335507,-0.4618681492120319,-0.5988302113960181
177,2022-09-29 19:46:13.606000+00:00,83.8532863576655,0.2515068343280718,-1.0757585736166222,2.0,-0.1590470310523718,-0.48689392732796566,1.2388928013809055,1.2533191490790556
178,2022-09-29 19:46:13.733000+00:00,100.0,0.6810121700725267,-0.8797651987177175,2.0,0.1533234008431685,1.5453290000847015,0.374539252823365,2.0
179,2022-09-29 19:46:13.860000+00:00,93.7827043800787,1.1660869651008816,-1.0602756149840546,2.0,2.0,0.7826658098126172,-0.6314019359715876,1.1695920400379818
180,2022-09-29 19:46:13.987000+00:00,77.09469252641499,1.5200384782627487,-1.0483599516509925,2.0,0.8781081273152292,1.5529374195937524,-0.22530901792412977,-0.18296514066366731
181,2022-09-29 19:46:14.114000+00:00,51.486498303850375,1.541764703739175,-1.019917438947756,1.837939858496081,-0.6361986142282943,-0.2619200025862196,-0.36152112376705997,-0.9542111836038285
182,2022-09-29 19:46:14.241000+00:00,64.04496177113813,1.2676451856642104,-0.5027575797421187,0.5722922734831098,-0.40913170017231465,0.46173313803721505,0.7399860979762023,-0.5133974936706089
183,2022-09-29 19:46:14.368000+00:00,47.65729316522679,0.8837073900363784,-0.8394904883755718,1.1891513792339456,-0.8053079514216764,-0.38106458323673015,-0.4813089817032104,-0.5607418408405631
184,2022-09-29 19:46:14.495000+00:00,59.3890374211683,0.6418458242187535,-1.0676460930863463,2.0,-0.5802511108927102,-0.6226904437413597,1.5737833346228014,-0.9506107279125235
185,2022-09-29 19:46:14.622000+00:00,40.4638921715476,0.6598808103186832,-1.2059365218392313,-0.04352947527569973,2.0,-0.30326913021342317,-0.868428156137582,-0.9178544589859757
186,2022-09-29 19:46:14.749000+00:00,48.52255648942709,0.7276645128263228,-1.1287185531528967,1.0785067376939448,-0.3114440743578425,1.54952473064452,-1.0669325319368517,-0.5643391916866283
187,2022-09-29 19:46:14.876000+00:00,57.39999898602162,0.6232220242454831,-0.17665962671450872,0.12895142245652091,0.17621592064802763,0.2095884100088073,-0.5634790581822187,0.16164964645912547
188,2022-09-29 19:46:15.003000+00:00,75.46789457431974,0.350326589343705,1.839095169089459,1.9509378825290846,-0.06634938160590581,1.1840367591370264,1.4712019412855755,-0.6824364670248083
189,2022-09-29 19:46:15.130000+00:00,55.38933222137975,0.13956703864646697,2.0,2.0,-0.919599357394835,1.2650984552803717,-0.7209624001434788,-0.7746657369520322
190,2022-09-29 19:46:15.257000+00:00,75.12645541306331,0.21919661927629827,-0.17646931245610026,2.0,1.1730546442318257,1.6851076709431725,0.37184826094689427,-0.010154484406584108
191,2022-09-29 19:46:15.384000+00:00,62.847142523835416,0.5999050133546203,-0.9505413217461874,2.0,-0.7308448997299675,2.0,-0.628769208013367,-0.21194431624994037
192,2022-09-29 19:46:15.511000+00:00,62.472559915322,1.0520550888602345,-1.117924781664625,-0.3360908153451331,-0.25302641543646615,-0.3837113992581685,-0.9857679547568651,1.1072769614725504
193,2022-09-29 19:46:15.638000+00:00,55.42930425205892,1.2373524983633044,-0.9951400543114615,-0.2660624365243981,-0.43170131373643345,-0.2148580673529221,0.029482715759956257,-0.19688068780587176
194,2022-09-29 19:46:15.765000+00:00,58.71495598881809,1.0713768820061924,-1.0740079243787801,1.0259363769391288,-1.1524796620294755,-0.040174021016021196,0.4179503534874865,-0.3081569556180818
195,2022-09-29 19:46:15.892000+00:00,53.383702208215205,0.699979109544825,-0.6143474514759935,1.1387900368787258,-0.8267676025120723,0.14416643478293958,0.0952121979677086,-0.532458053765512
196,2022-09-29 19:46:16.019000+00:00,39.081597404424194,0.30581982174361183,-0.40716795794915833,0.20788268464267873,1.1148037538683508,-0.9609913984606149,-0.6597013395148202,-0.7994365813973031
197,2022-09-29 19:46:16.146000+00:00,47.03835207893566,-0.006966518242978981,-0.8077472746942973,-0.09925737468699304,1.3832729260616132,0.4164436629295767,0.5031340943469337,-0.9432538089551714
198,2022-09-29 19:46:16.273000+00:00,55.05672573081693,-0.24070793776927937,-1.0533299137561392,1.5229496587655533,0.613741655391097,-0.684468521068922,0.6810669243584844,-0.23376524017719955
199,2022-09-29 19:46:16.400000+00:00,51.122485671731035,-0.33491301476571417,-1.0392722196864812,2.0,-0.6086546758251177,0.8252736324559151,-0.6054873321378205,-0.31034102402359237
200,2022-09-29 19:46:16.527000+00:00,86.97125067150765,-0.11999204487309305,-1.0796957752362555,2.0,0.7599677835093768,2.0,1.5512644013442172,-0.38595500803141075
201,2022-09-29 19:46:16.654000+00:00,50.9008901006093,0.32676042730605426,-1.1671377910755734,2.0,-0.36702905665877245,0.5635222316251216,0.4834405185794378,-1.0279331540400105
202,2022-09-29 19:46:16.781000+00:00,57.6710404955017,0.709694248085275,0.30366790890006673,2.0,-0.4782122859549228,-0.663250350788998,-0.0958588810907579,-0.4219020934176674
203,2022-09-29 19:46:16.908000+00:00,60.5449204042478,0.8673129178950351,1.2668286002452631,1.4028221240472287,0.40644630784894226,0.2462713206108373,-0.07159485512655336,-0.7748856836154226
204,2022-09-29 19:46:17.035000+00:00,74.11373429690295,0.7947121235541401,0.561277207126616,0.9885446969380021,0.23157608744895383,-0.22291081539989996,0.39655879331751304,0.44138138336154964
205,2022-09-29 19:46:17.162000+00:00,80.38463246853841,0.6685544323559638,0.7427130405542565,-0.05033924124602094,-0.01475196333693876,1.7388276125467417,-0.7482716284810872,1.4354835074839936
206,2022-09-29 19:46:17.289000+00:00,74.89310197435678,0.6217826370090791,-0.35132391249778266,0.22168513996374756,-0.38606678152006396,0.07813223716544178,-0.9541257290426713,1.8681596030859566
207,2022-09-29 19:46:17.416000+00:00,100.0,0.6344138094131602,0.3381301126489072,1.5482161396532965,2.0,1.8001691252712986,2.0,1.5061751858755408
208,2022-09-29 19:46:17.543000+00:00,100.0,0.6842193095500488,1.623025117229071,1.5336798149407036,0.24582705994160062,2.0,2.0,2.0
209,2022-09-29 19:46:17.670000+00:00,100.0,0.7927462294865322,2.0,1.3701438513230026,-0.7834704724501491,1.8085233980888467,1.8798295322661331,1.2123725618853565
210,2022-09-29 19:46:17.797000+00:00,78.30832859389326,0.9129543474646622,1.774667718140987,-0.729889748184185,-0.6340651209244121,0.45061343541706994,1.9417553673012449,-0.06329410753466425
211,2022-09-29 19:46:17.924000+00:00,75.65968792176463,0.8754043054335029,0.37558521914608795,0.10259561407154909,-0.7740458987513575,0.2561501518524855,-0.3163964126026248,1.2822917621138112
212,2022-09-29 19:46:18.051000+00:00,82.56359972550021,0.5038921226254266,0.1349037447336504,0.6831004209867785,-0.8790837051945556,-0.5936480697868612,-0.26733193832398844,2.0
213,2022-09-29 19:46:18.178000+00:00,31.556377625953505,-0.1263623658043406,-0.8811709557368929,-0.3373576212303071,-1.0970576869258697,-1.0545972394273024,-0.3122742439551416,-0.5816747717633528
214,2022-09-29 19:46:18.305000+00:00,87.30056953314957,-0.6311231309088522,-1.129576877557076,2.0,0.4987930358961381,-0.659645141232794,2.0,0.9891549071248645
215,2022-09-29 19:46:18.432000+00:00,57.27667370667043,-0.6028664526229931,-1.1190394592465869,2.0,1.7858418758661092,-0.3633874243841258,0.005928276854772943,-0.06733095804166796
216,2022-09-29 19:46:18.559000+00:00,38.87643112008208,-0.06288569828669566,-0.9271844200840206,0.29417729958900957,-0.13782759413592002,-0.8349111863819354,-0.3877227245184068,-0.43443529002692505
217,2022-09-29 19:46:18.686000+00:00,59.634633170123266,0.49079874903507004,-0.575023414514918,1.6973837238248306,2.0,-1.0537688293669198,-1.0011553352556855,-0.4162551092244037
218,2022-09-29 19:46:18.813000+00:00,61.39060781287827,0.6036027657402598,0.1132516151811631,1.2356429812935132,0.09046169290153164,-0.4888702117819855,-0.6477579347100095,0.36342858056636623
219,2022-09-29 19:46:18.940000+00:00,58.35035901117163,0.35757808619408826,-0.43434133652204443,2.0,-0.8077700839573587,-0.2295735609245341,-0.028078054725109214,-0.21196533567637066
220,2022-09-29 19:46:19.067000+00:00,68.3714553466671,0.1679245660569523,-0.7345351798189109,2.0,-0.7092696124798687,-0.5071553274439046,-0.5440864318762917,0.8973842913712707
221,2022-09-29 19:46:19.194000+00:00,53.39103146273265,0.28134517027326245,-0.7238681325088345,1.0770328618902305,1.6596789429491152,1.4975336364474672,-0.7957993115205897,-0.550478247754661
222,2022-09-29 19:46:19.321000+00:00,54.34085777311491,0.6295457191597962,-0.9283095083766331,2.0,0.2614838804809191,-0.8315443899598315,-0.13431410280727696,-0.8538743939278326
223,2022-09-29 19:46:19.448000+00:00,90.82708929591223,0.8823167794515071,-0.6706356834617512,2.0,-0.01460343199097094,2.0,2.0,-1.0881256032258486
224,2022-09-29 19:46:19.575000+00:00,65.02143370081656,0.7893815887025786,-0.532159564895933,2.0,1.071821900010125,-0.9109182588527515,-0.1675863473079612,-0.3416710371840079
225,2022-09-29 19:46:19.702000+00:00,72.71715454206283,0.4505866415999599,-0.8514735827851975,2.0,-0.6116901870767241,-0.7680340516332101,-0.17308132931025044,1.2189611829753741
226,2022-09-29 19:46:19.829000+00:00,58.00660949169293,0.12302142229710179,-0.4490687657414146,1.5085583802603444,0.6174494491367439,-0.5924869917508351,1.3843815136370021,-0.8185723131826289
227,2022-09-29 19:46:19.956000+00:00,39.29823275117737,0.022658679553188347,0.1712527780378172,1.5293609966194905,-1.0594006153602071,-0.9138374846874382,-0.334873717597835,-0.866196339383551
228,2022-09-29 19:46:20.083000+00:00,64.56046937421816,0.14648439227397939,-0.5042464544019006,-0.3040915715562415,0.4061552565817221,-0.7597557981173552,0.7791173351419859,0.601393995042432
229,2022-09-29 19:46:20.210000+00:00,49.428892936721844,0.296082460356795,0.11877191576998904,1.1844233703097409,-0.3142325121216678,-0.12546097978873913,0.4206845831109103,-0.9799627288142732
230,2022-09-29 19:46:20.337000+00:00,46.72065782921134,0.3333889386620797,0.8506501925035116,0.7996938809326706,-0.3417945558926726,-0.27061339983580185,-0.31621245367090556,-0.7893046664848459
231,2022-09-29 19:46:20.464000+00:00,65.44103428153296,0.2520001343788733,2.0,2.0,-0.5929522335424765,-0.3272463979433141,-0.0774529633341573,-0.24708508171227647
232,2022-09-29 19:46:20.591000+00:00,47.945002300245605,0.10207087926075396,0.18777165163276785,0.7154677963781235,-0.24598153807394968,-0.76464696790241,-0.754311772161135,-0.005378412690482035
233,2022-09-29 19:46:20.718000+00:00,42.49778400398937,-0.002506633672424403,-0.7385163471597422,2.0,0.20949034892643995,-1.1687748408129173,-0.799050450734474,-0.7164164718846363
234,2022-09-29 19:46:20.845000+00:00,49.14125463465252,0.02587027971948881,-0.7640476862887682,0.6026638562145358,0.1923865758803341,-1.0024524479105086,-0.6807032594413888,0.3129779723532425
235,2022-09-29 19:46:20.972000+00:00,46.526455097506734,0.14616077483805154,-0.9743812739175796,0.6374912891053698,0.10394882080010079,-0.25417981108565274,0.5202263268559553,-0.8146882768254863
236,2022-09-29 19:46:21.099000+00:00,100.0,0.2058034236649361,-0.8824288844697369,0.5885654118187789,0.17427601218313815,0.4595177877886127,1.5081410835469906,2.0
237,2022-09-29 19:46:21.226000+00:00,62.12967719886128,0.15058147251638102,-0.7745169973988358,1.3732249118575954,-0.028720627874417398,-0.5597916659603788,0.9641645927698654,-0.04653544464542254
238,2022-09-29 19:46:21.353000+00:00,45.263523041931045,0.058256728065514636,-0.4871330182345733,-0.6420505880054995,-0.06968360168259713,0.476742588234914,-0.36786096315728223,-0.25566529990852216
239,2022-09-29 19:46:21.480000+00:00,55.01444836141679,-0.0110612492939303,0.13283681770252848,0.1334724185098401,-0.1095961548360741,-0.6804642977165987,-1.0512241072259385,0.8908513872534221
240,2022-09-29 19:46:21.607000+00:00,39.72112140090412,-0.02615172009677627,-0.11670769215650405,0.16198103794508098,-0.8547775045940161,-0.842784393846215,-0.7113768786493437,-0.20800505666441535
241,2022-09-29 19:46:21.734000+00:00,78.58051238304574,0.023935965061288558,-0.9549307977949596,0.49076308197002927,-1.013743291426341,0.5008720028160975,0.7491777273973484,1.585109739481676
242,2022-09-29 19:46:21.861000+00:00,92.09239630728668,0.12467613934745769,-0.82555934634005,0.5604413251865641,-0.06523839789909062,2.0,0.5980118894344394,1.75953361837975
243,2022-09-29 19:46:21.988000+00:00,51.31074512228925,0.30875838933623745,-0.9330980609744914,0.3231927484005698,0.5189018239231411,1.6169975714144706,-0.9977492481479647,-0.15960688094170983
244,2022-09-29 19:46:22.115000+00:00,45.2297079302533,0.5678882589008298,-0.4918630201569997,1.5926722197931313,-1.0656227548184714,-0.3282664416932893,-0.8688732047067802,-0.4644458128361948
245,2022-09-29 19:46:22.242000+00:00,68.81378317015455,0.7488150369149879,-0.2667670712320974,1.3014259950366776,-0.4952145637677198,2.0,0.8969733383734871,-0.6248698797326979
246,2022-09-29 19:46:22.369000+00:00,56.102923128449966,0.6691375219711663,-0.21356696493934194,2.0,0.35731547218931586,-0.5435461174467812,-0.38183009404549095,-0.4529504264440673
247,2022-09-29 19:46:22.496000+00:00,51.53932907540923,0.30636450971191276,-0.3609833122219041,-0.687285956065024,1.6421926600354375,0.14007487159426457,-0.2560186483141474,-0.273959966620905
248,2022-09-29 19:46:22.623000+00:00,56.96034698955489,-0.1866002675657886,0.06781899874032804,0.6057693132711965,-0.07198278817179142,-1.193713199131809,-0.47013070336185775,0.8186572038253213
249,2022-09-29 19:46:22.750000+00:00,100.0,-0.4765922023457088,-0.1791762964079833,1.3040046328870338,-0.5142706953639659,0.5637192895643313,0.24738097938352419,2.0
250,2022-09-29 19:46:22.877000+00:00,78.76754068430769,-0.3987921881341256,-0.17156624419158087,0.19539193687578532,-0.018686062973128827,-0.20678657141959514,2.0,0.47343868321845145
251,2022-09-29 19:46:23.004000+00:00,50.84618511386377,-0.15384647133695112,1.0491514942544722,0.78974595934917,1.481828611839093,1.819950271266175,-0.6339069057723671,-0.9452408726288072
252,2022-09-29 19:46:23.131000+00:00,53.49006858211081,-0.11903196952476634,2.0,1.014181919805911,0.8123622048728032,0.4729380190850324,-0.4045729249588419,-0.7986768394212166
253,2022-09-29 19:46:23.258000+00:00,80.96493307390767,-0.46272480913352515,1.70222545554713,-0.37841785274790285,1.002598190507004,0.3151810761196959,1.6476273469688698,0.8066559849481598
254,2022-09-29 19:46:23.385000+00:00,67.03953755537479,-0.8714927726473771,2.0,0.41679917689952567,-0.6557766714003458,0.55473340852355,2.0,-0.8002317812271883
255,2022-09-29 19:46:23.512000+00:00,62.56399971134959,-0.9423480369149615,2.0,0.7636478290774105,0.7890080917720307,-0.8875836756960137,-0.24819309787020943,0.6498594023570103
256,2022-09-29 19:46:23.639000+00:00,47.217844854394556,-0.5766070428088368,2.0,-1.0739635106057979,-0.7794629045212857,-1.1157226336191606,-0.5283516733248279,0.26006898488265084
257,2022-09-29 19:46:23.766000+00:00,66.06759829587587,0.07154577042820592,0.8463667669980289,-0.8716517845931194,-0.8061174733042343,-0.592769291103229,0.1591690501615633,1.1678659481131501
258,2022-09-29 19:46:23.893000+00:00,72.28439501862304,0.7606641911495196,0.19910394983721505,0.28001367285828205,-0.7889233766689956,-0.30002951010644857,-1.0073680399767542,1.6556204392387548
259,2022-09-29 19:46:24.020000+00:00,49.86916307648251,1.1708955149967304,0.18462677304442174,0.252152527415601,-1.009004626552611,-0.5996639504327418,0.3733187316952758,-0.9691254977977909
260,2022-09-29 19:46:24.147000+00:00,76.6093781661248,1.1369161787463917,0.7463525162464311,0.0446828915857242,-0.6350066129657528,-0.16493090215754969,0.19255456430487317,0.9016621589646928
261,2022-09-29 19:46:24.274000+00:00,70.06604210830272,0.7921916186627525,0.0852784239624445,1.2350799308204383,2.0,-0.9644270085600273,0.26470595842190897,0.103707638771785
262,2022-09-29 19:46:24.401000+00:00,38.70980023099081,0.3890051721278057,-0.676663919119348,-0.8516020680978943,-0.20927843263805446,-0.7684520433742753,-0.6057015020921027,-0.35514443546110314
263,2022-09-29 19:46:24.528000+00:00,96.57951468061788,0.03708569245502629,-0.9523279131579351,-0.5683673428845701,1.400978125197059,-0.7204467788481347,1.0334466298345653,2.0
264,2022-09-29 19:46:24.655000+00:00,58.31060230500513,-0.2251326157361341,-0.05523339632642371,0.06039960652257666,-0.06591290391713213,-0.9945385633493348,1.7645277548123641,-0.2648841596764491
265,2022-09-29 19:46:24.782000+00:00,79.24292771896604,-0.32296868783601157,0.580495676737851,1.7083841026526978,-0.3384463954954308,-0.8697780264826841,-0.3368385286070905,2.0
266,2022-09-29 19:46:24.909000+00:00,75.68217860082842,-0.2022597471006449,-0.16257344050319414,1.6497214520354373,0.9512585236437022,1.3505894148580089,2.0,-0.5496102063529258
267,2022-09-29 19:46:25.036000+00:00,82.59706707027688,-0.04638206962619518,-0.31223850642677936,2.0,2.0,0.7841030438021236,0.23957974322429446,0.7511957087544006
268,2022-09-29 19:46:25.163000+00:00,40.07970748078139,-0.10725009459646229,0.3237342314435405,1.03093683981188,-0.3235792071117437,-1.0037059109646673,-0.5664690213834707,-0.6123487212675425
269,2022-09-29 19:46:25.290000+00:00,50.98544761317057,-0.319421225112786,2.0,0.9684134238519906,0.5505745337603697,-1.1719763122676445,0.5879864180295302,-0.8485341425075855
270,2022-09-29 19:46:25.417000+00:00,49.691495990742325,-0.3778734805760254,2.0,1.4661109951446476,-0.5848639875979548,-0.7923848714165742,0.07867089960069976,-0.6424194128889327
271,2022-09-29 19:46:25.544000+00:00,58.91521320958561,-0.09391664001809895,1.3281228541695034,0.3785278367421849,0.5159555429184607,-0.36907813850234195,1.447988592919166,-0.7972820512968846
272,2022-09-29 19:46:25.671000+00:00,46.8275067742607,0.366993195275802,0.184452879470545,0.8847843507723452,1.835701859713743,-0.08974323340164035,-0.8215445299739599,-0.8515413484359308
273,2022-09-29 19:46:25.798000+00:00,54.20089236780333,0.6381173145159288,2.0,-0.295365709141436,-0.8337272045381076,0.1794683509002173,-0.8609580931666221,-0.11953286088536502
274,2022-09-29 19:46:25.925000+00:00,82.94993024283453,0.6044104245766373,2.0,-0.39436676893484096,0.3066428770130771,0.6725461546209175,-0.07850637234972407,1.0911419151612676
275,2022-09-29 19:46:26.052000+00:00,58.308989785103236,0.49513569709010335,2.0,0.757548107271217,0.14671305228153192,0.08363362555117654,-0.5920347729685361,-0.6587257769669054
276,2022-09-29 19:46:26.179000+00:00,74.5580274219303,0.4957582171107931,2.0,1.4577235196363263,-0.921365428842607,-0.12732802476756408,0.8155130368058363,-0.269318510574072
277,2022-09-29 19:46:26.306000+00:00,62.96237737612219,0.4846959506658693,2.0,-0.9579234759728246,0.2859660770613222,-0.8422104565750601,1.3761797039197392,-0.8712047543107106
278,2022-09-29 19:46:26.433000+00:00,60.75521692266344,0.39131615550413884,1.7129895560475883,-1.0472651425168709,0.4669613760364917,-0.46392950416563605,-0.6688971733074429,0.6231163288617375
279,2022-09-29 19:46:26.560000+00:00,66.6299925368696,0.2352212784516283,0.570238817490688,0.5427713245299338,-1.0098282080321854,-0.9305731480060742,0.09255927661979749,0.9625507697047042
280,2022-09-29 19:46:26.687000+00:00,64.17015248430799,0.02927186234550681,0.35107635336038034,-0.0729980637943692,-0.8443566226049027,-0.04809773034204403,0.3773458265564246,0.6855500878326135
281,2022-09-29 19:46:26.814000+00:00,33.86837843005129,-0.14810587442065493,-0.32685530363651355,0.782540607486303,0.1229211407498315,-0.6552425707917896,-0.4396471273424123,-1.0932988592632702
282,2022-09-29 19:46:26.941000+00:00,31.38998535558328,-0.2794350668155267,-0.6642606461996032,1.2223753275929712,0.5063536134687191,-1.1064173199177425,-0.772150951550683,-0.995546790205905
283,2022-09-29 19:46:27.068000+00:00,36.06763339774377,-0.47598873906129663,-0.7799397020156608,2.0,-0.4133985211006155,-0.1140621637833143,-0.2858733894039671,-1.2146186174750282
284,2022-09-29 19:46:27.195000+00:00,45.31423078694079,-0.7998964017389365,-0.062348608948834976,0.8026664974296089,-0.7434723242579062,-0.030585646065148655,0.5785267104631603,-0.4923102395561923
285,2022-09-29 19:46:27.322000+00:00,38.370508917941486,-1.0562314247442723,-0.9423437618548512,0.9659010780791035,-1.069694845740359,-0.9005468218419287,1.2406710636975178,-0.792254886599265
286,2022-09-29 19:46:27.449000+00:00,52.457805149245985,-0.9754561003390025,-0.8953841372588991,0.9050062070292634,-0.9335075808129502,-0.1557646282121926,-0.17958094738573185,0.8387570448467795
287,2022-09-29 19:46:27.576000+00:00,31.07474678789704,-0.5746595962822503,-0.6487959663117869,-0.8762811585782815,-0.3450561958151688,-0.9276740948942922,-0.5602022897118409,-0.28163905472625195
288,2022-09-29 19:46:27.703000+00:00,50.662202158750105,-0.18386509317105912,-0.4609907408464121,0.4849017983879835,-0.7556100669525633,-0.7061191847318026,1.293831532841487,-0.5444711994605242
289,2022-09-29 19:46:27.830000+00:00,29.675134787662763,-0.13693442885355137,-0.7998976337878733,0.8117848691485587,-0.34694362834234566,-0.4966526119209555,-0.7182937980501742,-1.0972350210219564
290,2022-09-29 19:46:27.957000+00:00,50.72228188829442,-0.32742309890871596,0.21467251531113463,2.0,0.3538567269560544,-0.9039403910907796,-0.41440914077744545,-0.7333142350020994
291,2022-09-29 19:46:28.084000+00:00,70.1929589328708,-0.35603920234296565,1.6748854734944874,2.0,0.4143709592375973,-0.6413914145422375,0.8004076561806711,-0.23085704237779586
292,2022-09-29 19:46:28.211000+00:00,47.23944839250488,-0.007811042360311946,1.452947971523135,-0.14747815633530686,-0.42501520593525277,-0.5467110520747509,-0.982305417744482,0.06413467015420427
293,2022-09-29 19:46:28.338000+00:00,67.72029223054344,0.5516879198545653,0.3763207939906,-0.3584038744364429,0.7851269341617977,-0.20064483402815025,1.8496936341285668,-0.46316233288615033
294,2022-09-29 19:46:28.465000+00:00,52.72512454356896,0.9296379993658148,-0.44558732953050845,0.41266048766817054,-0.09044830734699481,0.701904927730329,-0.501762208373644,-0.5094379135895412
295,2022-09-29 19:46:28.592000+00:00,78.68101065344673,0.8519290402951809,-0.15604166772874992,1.5435528464446702,0.8115780715538097,2.0,0.06051636605409706,-0.17494408557027652
296,2022-09-29 19:46:28.719000+00:00,62.075397912819206,0.44247848111560667,0.3665359247958239,0.38726762381851215,0.2694520140035072,-0.11315940247439599,0.9414040561376212,-0.3958905158130317
297,2022-09-29 19:46:28.846000+00:00,41.42976140525395,0.04313789227073498,0.6576834792416623,1.023042275671742,-1.040705222427877,-0.703043012778555,-0.010394058295984972,-0.9481003038760766
298,2022-09-29 19:46:28.973000+00:00,58.33588434432323,-0.1301006873906633,0.08500915972020132,-0.002422088862323967,-0.7358918535435993,-1.0745329911746184,1.7134077274785349,-0.15342272049721983
299,2022-09-29 19:46:29.100000+00:00,74.87312154231238,-0.15509014638273308,0.059232590719930936,0.16884199792154606,-0.8285929346019429,-1.1855973381384424,2.0,0.5744210481608567
300,2022-09-29 19:46:29.227000+00:00,58.47783893848628,-0.2160722415971264,0.7934654310114989,0.33830063671473803,0.849254743022611,-0.4840783122677312,1.4631616524559692,-0.6647386051533157
301,2022-09-29 19:46:29.354000+00:00,31.37791241235711,-0.38623802714289,-0.2574666593147329,-0.48808241253182455,-0.6086970629531783,-0.07176610424069527,-0.9546506553368759,-0.5108054125492736
302,2022-09-29 19:46:29.481000+00:00,44.20713821668321,-0.6177967238099956,0.21389529686743283,-1.4606367380262708,-0.9453610169687092,2.0,0.719931686752728,-0.8615328010611373
303,2022-09-29 19:46:29.608000+00:00,34.94129929362245,-0.7828014542510331,-0.5689815596738157,-0.023099920074716396,-1.0338452196437304,2.0,-0.3880982399386529,-0.9118247422288068
304,2022-09-29 19:46:29.735000+00:00,32.06683280622779,-0.7897678333001341,1.2071794366780269,0.662613595039754,-0.9386586951372113,-0.5145637013253559,-0.4518937325712312,-0.9658677207411556
305,2022-09-29 19:46:29.862000+00:00,41.32710598879317,-0.6552731153850476,0.434050406607326,2.0,-0.25199063803890787,-1.2826935353337385,0.21250394063214587,-1.1975388174540758
306,2022-09-29 19:46:29.989000+00:00,63.272287153667484,-0.4914726989702039,0.005203142512496393,0.22785379565423883,-0.0824057350301856,-0.014106206936810865,-0.6662149752745942,1.4038134192368108
307,2022-09-29 19:46:30.116000+00:00,67.11629349589252,-0.43983889070903187,-0.10867391035394115,-0.04241078083134445,-0.7488123398021486,1.0800174716937092,1.0440219670216857,0.5827872652954109
308,2022-09-29 19:46:30.243000+00:00,67.06388780568194,-0.48912083868946976,-0.8278319139337743,0.2524657872701195,-0.4874170972895809,-0.2380192912632677,-0.19377693113668276,1.7299776566374365
309,2022-09-29 19:46:30.370000+00:00,59.29307320899161,-0.4688360495388273,-0.8325003393311394,-0.012294615291077652,1.46590926447324,-0.022305826554814556,0.8694123030636769,0.1296407973025036
310,2022-09-29 19:46:30.497000+00:00,43.27460893375375,-0.26928673716531076,-0.5378494223990959,-0.09925436098553747,-0.34090444117939006,0.26846513292816004,0.20987580231100525,-0.5675117931995951
311,2022-09-29 19:46:30.624000+00:00,59.73518801574258,0.09760167197556983,-0.10009985126515529,0.9633315098968248,0.04562661619774614,-0.06203832580204487,-0.27772640956089745,0.35354169636088684
312,2022-09-29 19:46:30.751000+00:00,67.33147302622514,0.48702397989122564,0.8615878788444198,2.0,0.1117062460896869,0.23571966422728735,0.16916588820948586,-0.4430956520135492
313,2022-09-29 19:46:30.878000+00:00,91.53883383696618,0.6584254716691833,1.4023453160785748,0.4698126363112615,1.355845246196719,0.9135288266445358,2.0,-0.19009057748779984
314,2022-09-29 19:46:31.005000+00:00,85.34012946000055,0.5523797510821662,0.11340847654285358,2.0,-0.417261386269498,0.009965948767977508,-0.5615646880539722,1.6419227378337042
315,2022-09-29 19:46:31.132000+00:00,85.94795494673737,0.3104079162823995,0.20158355424735816,-0.03000208222165569,-0.2783453872195253,0.9459780796334646,-0.3980114527339392,2.0
316,2022-09-29 19:46:31.259000+00:00,100.0,0.13450059636732895,-0.6710899557206164,1.0548644426739908,-1.1107706465037797,1.8103954188520208,2.0,2.0
317,2022-09-29 19:46:31.386000+00:00,41.31888739560279,0.14632762075744343,0.5356030862606886,0.054577861458131184,-0.18081242604202682,-0.06562742284575139,-0.35667826131901437,-0.8680345895707332
318,2022-09-29 19:46:31.513000+00:00,60.13780455121978,0.1625464797043359,0.16653935595396963,1.7046057894870035,1.1410301343817764,1.1506106809293852,0.7890544535103969,-1.089644231032665
319,2022-09-29 19:46:31.640000+00:00,53.05346162607357,-0.01880095393889084,1.603514582805004,0.7857206064444102,-0.1497295606290913,-0.27983223543516617,-0.2905309758374593,-0.3137408256244476
320,2022-09-29 19:46:31.767000+00:00,46.678880658660376,-0.2883812558527564,2.0,-0.5672718969787756,-0.5928795020910731,-1.1821776871685035,-0.0019492081235401007,-0.45172150531049804
321,2022-09-29 19:46:31.894000+00:00,66.06063750064106,-0.4105447517730212,2.0,0.9470787736615645,-0.7112250399944945,-0.010018155394660746,-0.45046205788004934,0.8724412272678099
322,2022-09-29 19:46:32.021000+00:00,36.65097477910794,-0.3639393122446178,0.9860361022215395,0.15356580187047775,-0.6607391404242943,0.5366721702051729,-0.8086102448299252,-0.8241556584366327
323,2022-09-29 19:46:32.148000+00:00,43.21307953521268,-0.29940129989356695,-0.21830514427146447,-0.7628532125878015,-0.7007370344733078,0.25833683281555225,0.5484156457998598,-0.5765072825356542
324,2022-09-29 19:46:32.275000+00:00,48.7751253518816,-0.26985745943888373,-0.8869843563291103,-1.0035218359918836,-0.4012828350054799,0.9241695459894642,0.002970618814814814,0.12797216628587843
325,2022-09-29 19:46:32.402000+00:00,49.08988742875079,-0.22753713433861156,-0.11105507497480116,-1.0876761313692738,-0.7892243402678535,-0.7852088139897607,0.9483530250632577,-0.06196005824413651
326,2022-09-29 19:46:32.529000+00:00,40.0723681368066,-0.12149506513424567,-0.07837269140163183,-0.976931336873954,-0.4844075522682758,1.0515715678006754,-0.13380191382503626,-0.7461117650221648
327,2022-09-29 19:46:32.656000+00:00,53.62654830726728,-0.07941394568079699,-0.06716049051662794,0.6923010083124583,-0.9367502369056384,0.7946168982587483,-0.3176826861516355,0.062434412863211865
328,2022-09-29 19:46:32.783000+00:00,45.767470315716935,-0.1764194421908991,-0.21163780952550273,2.0,-0.6463358648201095,1.0309796951916488,-1.0839116779582836,-0.5295843263445916
329,2022-09-29 19:46:32.910000+00:00,51.3622373435396,-0.26708162367061,-0.5512669953971383,0.8591097148685112,-0.4283395414725013,0.06117065033785768,-0.4028380510729607,0.22120366785542328
330,2022-09-29 19:46:33.037000+00:00,56.43520220958906,-0.1291255785547043,-0.7142461329127097,0.2651332647563635,-0.9213865965779756,-0.2605081818114113,-0.1333848713761487,0.734196116271349
331,2022-09-29 19:46:33.164000+00:00,47.645273598643755,0.251111034867321,-1.0305056336859801,1.8528122399701108,-0.8388640875463452,-0.3052589900780493,-0.3300137707439762,-0.40233668925110255
332,2022-09-29 19:46:33.291000+00:00,51.385317023346325,0.6769646367029926,-0.4719757402176442,-0.30705210046149756,0.40732257730400456,-0.653676157816132,0.45974725962607305,-0.5638736833691684
333,2022-09-29 19:46:33.418000+00:00,61.8235378236139,0.9711389953546561,-0.20671941992871048,1.7710394166921983,-1.0472139275559575,1.0655036459462721,-0.5083659620057692,-0.17389352098566904
334,2022-09-29 19:46:33.545000+00:00,51.56944284809264,0.966468689697182,0.154672869496174,0.01683831177320269,-0.37495050681986536,-0.034057559554578946,0.10934716871893606,-0.762718955367994
335,2022-09-29 19:46:33.672000+00:00,100.0,0.707255643365597,0.9062764088777926,0.20478915604051234,0.9442473903600138,-0.5522519978010713,1.0792607814103699,2.0
336,2022-09-29 19:46:33.799000+00:00,87.44602824812631,0.4803167702435326,0.21235117879453386,-0.31340423939211987,0.4579082478615431,0.9912362527516118,0.6820541526304323,1.5290180288481514
337,2022-09-29 19:46:33.926000+00:00,100.0,0.5104370059367067,0.8369124840058483,-1.0778838315202413,-0.2944096951961232,2.0,1.6438883025973448,2.0
338,2022-09-29 19:46:34.053000+00:00,79.76475311868151,0.7859987715067581,1.1574780476673674,-0.2236371776015725,0.7583631091051345,-0.7613381640014442,-0.14396662470493837,1.4175860124649222
339,2022-09-29 19:46:34.180000+00:00,80.91376582243657,1.0700187580060443,1.651257540467143,2.0,0.9704442666879195,0.452706613466418,0.39884712836744746,-0.12425576861371233
340,2022-09-29 19:46:34.307000+00:00,100.0,1.1143976661673143,2.0,1.4144617661662353,0.6493874031138563,0.8805806910070665,0.003903950499165685,2.0
341,2022-09-29 19:46:34.434000+00:00,65.25223800842228,0.8597028352792415,2.0,0.09580167128905258,0.3997857144866318,-0.4410640090633168,-0.7172198943755103,0.0396520649777969
342,2022-09-29 19:46:34.561000+00:00,51.08513386256949,0.41936170922916643,2.0,-0.41128146286740064,0.4689347850042086,-0.0530756263414329,-0.11047588395417691,-1.1431820872101355
343,2022-09-29 19:46:34.688000+00:00,40.55059559093093,-0.004766376440498711,1.8673406502977739,-0.39147047171062505,-1.0054960582860344,1.1988758277658094,-0.9958828903631638,-0.80933472383862
344,2022-09-29 19:46:34.815000+00:00,39.69720901367142,-0.2115105857684277,1.350996794056223,-0.5398927389055411,-0.05658746143214105,-0.23627929652459334,-0.6120315658701958,-0.6211674775478242
345,2022-09-29 19:46:34.942000+00:00,48.43596671940324,-0.22920285996817077,2.0,-1.1783061064643212,-0.47852025588623454,-0.4028219731723102,-0.48575022126301637,-0.07892247374402744
346,2022-09-29 19:46:35.069000+00:00,51.79755395336134,-0.18288239736076994,2.0,-1.479512000135382,-0.03648139357495931,-1.2598427879060698,-0.815964148614152,0.620978821999803
347,2022-09-29 19:46:35.196000+00:00,43.52146206465372,-0.11079121587364835,1.7666955597531542,-0.8680940570237924,0.5507310508880595,-1.0928777546277555,0.40801766522541155,-0.9047900456763575
348,2022-09-29 19:46:35.323000+00:00,36.9748770611876,-0.02871857968770703,1.106372758845569,-0.8489628237887205,-1.0636665483492491,-1.2616329376790223,-0.03311125125885151,-0.6734728328313696
349,2022-09-29 19:46:35.450000+00:00,64.1333778052288,0.047440271133637205,-3.851502340424862e-05,-0.5299371383749149,-0.12583001066999636,-0.7153809175849037,1.5045742478173219,0.23841767911909423
350,2022-09-29 19:46:35.577000+00:00,55.878854931310364,0.0902461004407917,0.6375705407852953,0.46825402235995583,0.8206507744951362,-0.14926205333543463,-0.17104620276903706,-0.16189284242780702
351,2022-09-29 19:46:35.704000+00:00,59.05903126948933,0.19867491971363632,0.6411295201495029,0.5424485231885124,-0.35945617832906135,-1.2024413075940967,-0.3592630241848429,0.6134676446004715
352,2022-09-29 19:46:35.831000+00:00,49.93143290144695,0.4912254261170444,1.1577207901683224,2.0,-0.19495812209465818,-1.078163312194341,-0.9640047896537062,-0.4687841979875185
353,2022-09-29 19:46:35.958000+00:00,48.37846570168915,0.9097229132407045,0.7532535117939744,-0.5415847824461646,0.03678611700744018,-0.6388425714384022,-1.0958555787309,-0.1589785814308688
354,2022-09-29 19:46:36.085000+00:00,100.0,1.211538972065836,1.4354626302764901,0.772374305064351,2.0,0.12364178759349342,1.3044471255593069,1.669499844160629
355,2022-09-29 19:46:36.212000+00:00,87.35474166423188,1.2232559806926744,2.0,0.37648742122440887,1.7692338820472966,1.434419842130789,0.9515323279798337,-0.16556858036166264
356,2022-09-29 19:46:36.339000+00:00,81.57762859342769,1.0173023679055773,2.0,-0.9515920309553271,1.0007981943670792,-0.22907337766721989,1.5585977735170895,-0.09337067705381445
357,2022-09-29 19:46:36.466000+00:00,52.36260472828632,0.7588115651894849,1.9451664667567894,-0.7337153158285576,0.5030686733949473,1.0840398566414189,-0.33494223004162793,-0.9900489278883315
358,2022-09-29 19:46:36.593000+00:00,70.40759240559176,0.6066480992845017,2.0,0.13815630090492828,1.2672139344149844,-0.1477149119526395,0.5843722749968411,-0.542167848904945
359,2022-09-29 19:46:36.720000+00:00,100.0,0.6294580501466448,1.694526098695846,1.2148850296783262,1.4996466094877148,-0.32349592086743656,2.0,1.6998501629040204
360,2022-09-29 19:46:36.847000+00:00,66.47694400034322,0.7413818452685004,0.663208275923761,0.7807796035055572,0.09232996120702033,0.022389858271148765,0.1766970250079299,0.027552842666100318
361,2022-09-29 19:46:36.974000+00:00,95.10836029420915,0.7885124089118053,2.0,-0.11444106495822091,1.4703898676992722,-0.09889953066807149,1.8459602780055309,0.7909688893234567
362,2022-09-29 19:46:37.101000+00:00,94.05626160087033,0.640200964907179,2.0,-0.21039740042508395,-0.4281241361987074,0.6417111638604212,2.0,0.2227166421406045
363,2022-09-29 19:46:37.228000+00:00,84.77482254194527,0.24375830958392528,1.8357947422900394,-0.773112037362199,1.0868916537491584,1.4985682577760358,-0.3259324282353252,1.567330594454524
364,2022-09-29 19:46:37.355000+00:00,47.22296846801106,-0.261806657027071,2.0,-0.9743357336577255,-0.5870361176282746,-1.1462188331439327,-0.6307384823237228,0.22096450228423312
365,2022-09-29 19:46:37.482000+00:00,62.692983291175395,-0.574672027149976,1.7552660374128681,-0.7301956498790566,-0.27919700422037325,0.1390419319637597,0.2516768119633612,0.7195853115149593
366,2022-09-29 19:46:37.609000+00:00,32.12082667267324,-0.6048543291726388,-0.05712790794716361,-1.036389810328479,-0.6511270385736291,0.7838247941381463,0.061994321153994156,-1.0408235332310416
367,2022-09-29 19:46:37.736000+00:00,39.31389915695017,-0.4795223282682299,0.3566014417342799,-0.10083190615491713,0.2639888659453067,-0.18581357447364863,-0.8551895855489129,-0.3035980339170073
368,2022-09-29 19:46:37.863000+00:00,44.89416718660737,-0.2688036755662831,0.6959430301669456,-0.4178504625750397,-0.29108544138479336,0.10859426157497429,-0.7102499993851277,-0.06458563149784634
369,2022-09-29 19:46:37.990000+00:00,46.65227858485738,0.012810915935826917,0.17298892509636296,0.6221170572548512,-0.9940279411623197,0.6303026634637643,-0.2788452799044301,-0.5227287039161707
370,2022-09-29 19:46:38.117000+00:00,51.4155261767305,0.24173941466301527,0.09018619788501372,0.03545865678510038,-0.8326073693197191,2.0,-0.5627256573914388,-0.42321553937021683
371,2022-09-29 19:46:38.244000+00:00,54.2495217973484,0.27269286234703477,0.30660554387916994,-0.34127503767932027,-0.40453520547686816,1.7136893479686914,-0.9521587206638976,0.10683034375787898
372,2022-09-29 19:46:38.371000+00:00,42.111241808450416,0.13825504967397928,0.9706982932518464,0.5355448366548007,-0.30231163208780854,-0.730745139364964,-0.37234568381108923,-0.8219532414819267
373,2022-09-29 19:46:38.498000+00:00,91.19283695338494,0.06842150923241487,0.8042038176405235,-0.44333225919383656,-0.006747249714474731,-1.1481468217697084,1.1902578341642833,2.0
374,2022-09-29 19:46:38.625000+00:00,61.81683603555766,0.2470147840714426,-0.025644210663657838,-0.2185786087486224,0.305018602771206,-0.7363981925896756,0.6724362605453984,0.2773462860533877
375,2022-09-29 19:46:38.752000+00:00,66.4319526555806,0.5882349771763652,-0.3572293366365509,0.0701792070438041,-0.18968136868896024,0.7776357404576442,1.5891975059747296,-0.4403779765570005
376,2022-09-29 19:46:38.879000+00:00,61.975497486251555,0.8406736283402749,-0.3347103173186306,-0.023071587157890795,0.8150148361484716,1.1994893945869982,-0.4406876240729789,-0.017048106079667932
377,2022-09-29 19:46:39.006000+00:00,78.86343953379051,0.8339493892812865,0.17229245124991935,-0.39405296112825067,2.0,1.5278864480657122,-0.2265024414379518,0.4998658924794788
378,2022-09-29 19:46:39.133000+00:00,83.24236534457727,0.5957941967302292,0.2485916077271797,0.6355743208495639,1.2224755856143439,-0.2122370004145304,0.733539935479122,1.0168099638172976
379,2022-09-29 19:46:39.260000+00:00,58.28621293163766,0.3551666173099166,-0.16080198676445237,-0.581169450623971,-0.5191970882443729,0.25681109695735477,1.2446738671443267,-0.3677050001532285
380,2022-09-29 19:46:39.387000+00:00,70.78785107485605,0.29755908989561314,0.2610940980551324,-1.2076819405668984,2.0,-0.8239043197476921,0.23135665823839952,0.6401631844306158
381,2022-09-29 19:46:39.514000+00:00,44.23549672780066,0.4592489754715147,0.23408449793749483,0.5751412554143619,0.24304151496054446,-0.5875756653564272,-0.5665529471695427,-0.7360023504292548
382,2022-09-29 19:46:39.641000+00:00,78.8643844255117,0.7180094589835396,0.7645137538032356,-0.5867382449478818,0.2501863158599062,1.361575095854835,0.174112206431465,0.9279702922939377
383,2022-09-29 19:46:39.768000+00:00,55.433975909804154,0.8361745709799677,0.1252524748306246,-1.2073103935075273,0.2202673443444263,2.0,0.06555561249041364,-0.9700270234195986
384,2022-09-29 19:46:39.895000+00:00,75.72011753018316,0.7301534273892148,0.10253159487907654,-0.12727501541047956,1.1340676640525875,0.9421229727791309,1.312342816310257,-0.027072414590105096
385,2022-09-29 19:46:40.022000+00:00,84.79269166522053,0.5168775112683422,0.37499756760615716,0.3588473769284285,0.3573437550427866,1.0805301078692513,2.0,-0.3662469150832818
386,2022-09-29 19:46:40.149000+00:00,58.17403810174851,0.3178737007007646,-0.24432549550977778,-0.19567129308869466,-0.7607760020275497,-0.21700284232848396,0.31697977931145194,0.2887037671202786
387,2022-09-29 19:46:40.276000+00:00,67.797108257732,0.16693242457369092,-0.3080866315625111,-1.0257899785150637,-0.21963969437032688,-0.9870588305612981,-0.17376507985244982,1.7301674920987717
388,2022-09-29 19:46:40.403000+00:00,64.37541702899992,0.0138789960983868,0.2564223643735069,-0.6534752231871249,-0.7372518472573595,0.42279809969462995,-0.16160118203094312,1.0616640874632433
389,2022-09-29 19:46:40.530000+00:00,34.76744247978064,-0.21374168691166534,-0.6848635426463279,-1.0457776320498278,-0.6277890008274266,0.268952694973362,-0.48511586738362705,-0.4834896764095365
390,2022-09-29 19:46:40.657000+00:00,51.12692886635537,-0.4239421933139965,0.16307654343177644,-0.49100241976154013,-0.6229238481091973,1.9981805544819395,0.6991782791416027,-0.6321437353211473
391,2022-09-29 19:46:40.784000+00:00,25.319834848872123,-0.4229284635779556,-0.32227308173679453,-0.9465014583765758,-0.8912892822585121,0.16469367002392243,-0.8630032957960337,-0.8659179136723154
392,2022-09-29 19:46:40.911000+00:00,40.56751254485964,-0.2056884274665844,-0.1815399955589049,0.6669613897308609,-0.19333083269210194,-0.25127892727559564,-0.6900444441884455,-0.4529975516867156
393,2022-09-29 19:46:41.038000+00:00,54.38866511468889,0.10293914633282276,-0.030806635423991213,0.1340546235705481,-0.13959390829476462,-1.145136057013049,0.5599458468063605,-0.01887130066667504
394,2022-09-29 19:46:41.165000+00:00,34.566550522882466,0.3937768219525988,0.20880678980359074,-0.24386860295793641,-0.7032317125735589,-0.8354070791211721,-1.1210817922250453,-0.6121491522815645
395,2022-09-29 19:46:41.292000+00:00,46.52280124284781,0.5727772362807549,-0.30273534578990163,0.28104404506547476,-0.5058078471035778,-1.0042529096217303,-0.3659662419373186,-0.294061363946807
396,2022-09-29 19:46:41.419000+00:00,53.81121301020873,0.6155665470374933,-0.2807396628401993,-0.09229422667714447,-0.342591508539506,-0.06242434482026532,0.10128174588551979,-0.2398613130078771
397,2022-09-29 19:46:41.546000+00:00,60.718064544896535,0.5601069334102365,-0.013366561753103415,0.6620328408945122,2.0,0.0018185813674525498,0.33976374754059596,-0.5931209044875266
398,2022-09-29 19:46:41.673000+00:00,83.80041056790567,0.36883816605198266,0.33196466429001925,0.5949286792382723,0.030084609610822023,-0.5261223114353576,0.3624789879687705,1.732956370609842
399,2022-09-29 19:46:41.800000+00:00,53.171195007317394,0.061975411230191416,1.088254375548501,-0.5422376198300134,0.06579386446705095,-0.2941667556501801,1.165634942966126,-0.7872677990653212
400,2022-09-29 19:46:41.927000+00:00,53.06795221062068,-0.23425554795072004,0.07254755809557172,1.3907233373718622,0.04966529142733844,-0.015986447582686466,-0.6893184988691374,0.13941723402203252
401,2022-09-29 19:46:42.054000+00:00,43.097219901710346,-0.3396878103791022,0.35751792058245874,-0.9087143275903071,0.2626134162379155,-0.6665674585310625,-0.6272620050099454,0.10050597152726404
402,2022-09-29 19:46:42.181000+00:00,42.90333574414348,-0.1862639269259116,1.2078369684334107,-0.9213495226705639,0.4703155806129722,-0.842461236251416,-0.3000836691629832,-0.39088160894968166
403,2022-09-29 19:46:42.308000+00:00,53.98375593193066,0.05459528989429022,0.051846476369425055,-0.28897854217672614,0.20736596498269472,2.0,0.4766779740257171,-0.906822182449743
404,2022-09-29 19:46:42.435000+00:00,35.00675411035459,0.15141527680508143,-0.6516352578466154,-0.7226409120791109,-0.05165580823237072,-0.18972745511304245,-0.5272948642090086,-0.7556668570433605
405,2022-09-29 19:46:42.562000+00:00,52.84657457098927,0.047037782217984075,-0.029543511373738143,0.6213115828695709,-0.26983650756443184,0.8259419036318241,0.7932217340055073,-0.8660617328132373
406,2022-09-29 19:46:42.689000+00:00,37.613216553623474,-0.15113505629615784,1.1039875527297784,-1.3061661614390137,1.3836816143254456,0.5860052188005193,-0.7556618957301522,-0.9722567206398559
407,2022-09-29 19:46:42.816000+00:00,31.240786737611078,-0.295539324638588,0.2774317667398497,-0.748451291229205,-0.6282790505075496,-0.14227234675081732,-0.35061514870682076,-0.9676205134835681
408,2022-09-29 19:46:42.943000+00:00,52.51292717616382,-0.3658644149980045,1.311581002278203,-0.5342654387597278,-0.9346611080414313,2.0,-0.679965620538879,-0.21757269031318602
409,2022-09-29 19:46:43.070000+00:00,20.97349489104119,-0.4311036638803654,-0.06827613651496806,-0.6283475057447908,-0.2590312750054131,-1.166382354561975,-0.9456763039398414,-1.0528678420654696
410,2022-09-29 19:46:43.197000+00:00,45.255462136096014,-0.5189561373169563,0.3793525924749152,-0.12002939148252298,0.37373235398231064,-0.47435280806154695,-0.6485178607448455,0.09844765735749653
411,2022-09-29 19:46:43.324000+00:00,50.67490615691897,-0.541785159261554,1.0749666820596218,-0.9590870886477979,-0.26082359127245125,0.9421143274037913,0.07712784232199286,-0.0979166937564603
412,2022-09-29 19:46:43.451000+00:00,73.56617360464172,-0.47809282347986576,0.5961955918004241,-0.893501375934415,1.347378220113047,-1.2078343091975927,0.3467010604276883,1.7623759151429432
413,2022-09-29 19:46:43.578000+00:00,33.73617350691507,-0.3967230256897838,0.5025380706948913,-0.535695766213044,1.7085355168067209,-1.0629173416680515,-0.8885352534218488,-0.7247500452086563
414,2022-09-29 19:46:43.705000+00:00,35.92430780035486,-0.37661640269556096,1.148171717113926,-0.23650370656349504,-0.2585587284318974,1.299995079463659,-0.7794357237104359,-1.1033686833149665
415,2022-09-29 19:46:43.832000+00:00,39.3366654821841,-0.4290748147280298,0.20615755056565127,0.1769167967193278,-1.0124443117393938,0.10674506621285908,-0.0984621211027636,-0.6477337053042118
416,2022-09-29 19:46:43.959000+00:00,66.85344452072647,-0.5111606261910207,-0.07392290989627928,0.9097046665353976,0.16221101280634745,1.4362259959154515,0.6845589431899639,0.2839094805642655
417,2022-09-29 19:46:44.086000+00:00,45.247619938526086,-0.533875218814062,-0.6558720257309433,1.7984657717287085,0.4916762117071496,-0.6064423808177993,0.3415944294139126,-0.7450597857317307
418,2022-09-29 19:46:44.213000+00:00,40.03011087102436,-0.3335693237010554,-0.4597934327520862,-0.8115367509028497,-0.6272030078986026,-0.19148456073728112,0.186088767719206,-0.40508355690044656
419,2022-09-29 19:46:44.340000+00:00,52.01724980949633,0.08153708509301485,0.5762990112524135,-0.6775238701278784,2.0,0.9941555724404573,-0.3679338708181562,-0.5567178711851869
420,2022-09-29 19:46:44.467000+00:00,32.6224555233069,0.36707488895849266,-0.18692700373378957,-1.1330200016146486,-0.5771850065234191,0.44978889726124033,-0.8672644848930037,-0.9298640458225965
421,2022-09-29 19:46:44.594000+00:00,46.621847317969284,0.1958098635100795,0.03224453155438734,-0.24265033857748347,-0.7864126494966946,-0.40534501004315693,-0.3926788400324782,-0.07484764395092255
422,2022-09-29 19:46:44.721000+00:00,65.83990583851035,-0.31820218237233167,-0.6436447548706621,0.30182169555142035,1.695780327390716,-0.8253817382456916,0.7101397729052592,0.6611949025955126
423,2022-09-29 19:46:44.848000+00:00,45.23435540567045,-0.6965481852841802,-0.6035572272111359,-0.9658053711192389,-1.0251684892605624,-0.09498683195105426,0.8034003102324382,-0.027067627018336732
424,2022-09-29 19:46:44.975000+00:00,100.0,-0.5975260258692083,-0.1862683907036679,0.17024211533301775,-0.21803598449030334,0.9013373067814249,2.0,1.3081180271126953
425,2022-09-29 19:46:45.102000+00:00,75.22411910229035,-0.16338088417688465,-0.7279243773229034,-0.18162833921967808,-0.5876676626407044,1.8317152471183924,0.28365249227078904,1.4174662939094185
426,2022-09-29 19:46:45.229000+00:00,49.407568303444656,0.18465011372909004,-0.09898843287709091,-0.3865228964120615,-0.7095112422401849,0.9416962862476798,-0.4588333909184732,-0.12389428032452914
427,2022-09-29 19:46:45.356000+00:00,51.516933804482285,0.19957508535521143,0.2963051226210403,-1.126186304682524,0.02009071589450484,-0.41845684768373864,-0.5580724775509802,0.4072636224102535
428,2022-09-29 19:46:45.483000+00:00,62.82375484716204,0.04961670956316153,0.9230705659827646,0.3314290831344262,-0.4930128643588903,2.0,0.8406593882384927,-0.7661775963519765
429,2022-09-29 19:46:45.610000+00:00,56.51993207213952,0.0033789075929297288,1.4330232922856767,-0.6471259445902738,0.1892926495587818,1.9877157497977616,0.18544629755881362,-0.5978607494667625
430,2022-09-29 19:46:45.737000+00:00,72.7654645912065,0.0570649894236487,0.601397418643052,0.04643833997413727,-0.4375276014118219,0.43411408955723396,0.23141246132000773,1.1013891339822166
431,2022-09-29 19:46:45.864000+00:00,70.1540023067781,0.027265178135575337,0.9190796817924565,-0.3373208309140146,-0.09929189249839313,-0.915484317477141,-1.1336156875046561,2.0
432,2022-09-29 19:46:45.991000+00:00,37.923860139260924,-0.1474842192747203,-0.2503042888328436,-1.3784069628320383,0.08964564574858976,-0.4995091763220257,-0.7011855184501964,-0.10892778440016472
433,2022-09-29 19:46:46.118000+00:00,52.57059785056018,-0.3356060029447233,-0.49844363612029835,-0.7435174464188008,-0.6026022894787258,0.7892685478686703,-0.19385446864644656,0.4878961528897677
434,2022-09-29 19:46:46.245000+00:00,40.949141645977015,-0.40511358135968045,-0.1707482264226365,-1.024222578145153,-0.8146274936197939,1.8918480140293426,-1.0660491301434294,-0.07209002839505407
435,2022-09-29 19:46:46.372000+00:00,58.65050351002822,-0.35864093391808055,-0.050758303106361286,1.0124295553719762,-0.659070012475589,-0.7387841379912937,-0.704993679942397,1.1070037016223475
436,2022-09-29 19:46:46.499000+00:00,49.56650502564385,-0.21386452289286165,0.2536473369692589,-0.7423883020516646,2.0,1.6159029616141287,-0.2540237717147672,-0.7096493152480925
437,2022-09-29 19:46:46.626000+00:00,39.807688680491346,-0.03664693131098649,0.5475313021495325,0.3968988729677498,-0.49238821083900836,-0.5073500516650301,-1.0908080079896534,-0.34536726653083516
438,2022-09-29 19:46:46.753000+00:00,60.83611572111969,0.048849571086102224,1.4804550871269924,0.9396849386120367,-0.16123109923597917,-0.01934749188517415,0.530032384418626,-0.34028454171683353
439,2022-09-29 19:46:46.880000+00:00,59.79198836786591,0.0389177117501937,0.38409430337141637,0.33827859080845374,-0.44480675421405963,-1.0331982236891528,-0.39460267089037865,0.8750394339282462
440,2022-09-29 19:46:47.007000+00:00,34.67229604234712,0.09360224754426225,0.3949899139847257,-0.7292357221041379,-1.0537087278285182,-0.9456518023386253,-0.024071617110784642,-0.8827636924508282
441,2022-09-29 19:46:47.134000+00:00,52.72177685711272,0.27304506968392483,0.19986585342403254,2.0,0.24241754425834458,-0.7128859915719404,-0.5996110986849663,-0.34941246467440334
442,2022-09-29 19:46:47.261000+00:00,71.42239833084997,0.37940273933472407,1.0353162298605385,0.9720981303463454,0.04796241739856569,-0.9478462086682574,-0.2204059494791269,0.9910890631563757
443,2022-09-29 19:46:47.388000+00:00,57.11143936404083,0.30088838342929347,1.475051474585251,-1.0797033911329306,0.18152993427828598,1.0426258795285397,0.11719837939503942,-0.3409362157033068
444,2022-09-29 19:46:47.515000+00:00,54.65317972394072,0.12916665166422006,1.9575152343619449,-0.6381416266138958,-0.7748415855818626,-0.286628270223645,1.4764680912925388,-0.9121719095996637
445,2022-09-29 19:46:47.642000+00:00,67.89436276461267,-0.06127640808988733,1.5133003275677153,0.11501343130284121,1.550199019758349,-1.2269081600498206,0.823015402817181,0.27772158184925433
446,2022-09-29 19:46:47.769000+00:00,56.060746861649974,-0.1660294093245093,0.14958184011560746,-0.6641835927811917,1.4934176484917956,-0.8543323251691411,0.6649480833130635,-0.01652161047041209
447,2022-09-29 19:46:47.896000+00:00,56.25576236523786,-0.11475810174609255,0.4823427993286128,-0.5845948056211296,-0.11752471548065167,-0.9016158221335974,-0.2239858160390303,0.728953801809321
448,2022-09-29 19:46:48.023000+00:00,49.881305754826734,-0.09226656046454083,-0.5733241179947025,-0.5003392258828444,0.32815693271447294,0.6211342522845485,0.6062013016009967,-0.5296577999697266
449,2022-09-29 19:46:48.150000+00:00,33.894624545658445,-0.21326993004187247,0.4428379853719113,-0.4987861382448461,0.5229193511560031,-0.9514633873577868,-0.08302534219943461,-1.0974318204381728
450,2022-09-29 19:46:48.277000+00:00,61.47259979905996,-0.24019723060883097,0.3875316188604417,-0.6738852553832092,-0.5379606180436574,-1.0543995287067378,0.051741496869923964,1.204265333464323
451,2022-09-29 19:46:48.404000+00:00,56.67702023814794,-0.05568351497411067,0.2073769775019433,-0.008286507197160375,-0.8218407415346576,-0.8951680828066114,0.7511436631082123,0.1907066005630894
452,2022-09-29 19:46:48.531000+00:00,61.73160145748101,0.16224075745234526,2.0,-0.5036331759463458,-0.6986940955222586,-0.1791264457759727,0.07351461316620474,0.32191489534572043
453,2022-09-29 19:46:48.658000+00:00,35.73130149759248,0.18863395371270628,0.7923578985197297,-0.5622436050479314,-0.23219968695650198,-0.7704190495478891,-0.44881711795946533,-0.9555106932593918
454,2022-09-29 19:46:48.785000+00:00,41.584950720063375,0.034386473326943987,0.5150667425626408,-0.40948224259790433,-0.23240723407986802,-0.6677381666545206,0.10290757972901092,-0.7524792975734808
455,2022-09-29 19:46:48.912000+00:00,41.50079580723619,-0.14624353076690902,0.06883509373742257,-1.3867856807984782,0.30326247201692214,-0.4803856718651017,-0.8260396339247327,0.11432985847341605
456,2022-09-29 19:46:49.039000+00:00,38.141789331450035,-0.2802193796798525,0.46169826820551957,-0.5304339415312508,0.8885695504115726,-1.0252118906701884,-0.24583591503204336,-0.6890247972381214
457,2022-09-29 19:46:49.166000+00:00,40.87582004562413,-0.3929892541060113,0.6551279603757106,0.5698936742448741,-0.49157780662378425,-0.4523739431039317,-0.8003490450082719,-0.30044478835780913
458,2022-09-29 19:46:49.293000+00:00,45.45780967240663,-0.4638954975000371,0.12770036910144977,-1.0193647301971613,2.0,0.8365474257100078,-0.33454052481854907,-0.6622175928140807
459,2022-09-29 19:46:49.420000+00:00,30.69751986211671,-0.489172271834451,-0.26323246550735185,-0.6640287139842779,-1.0554543080315986,1.3770922832884156,-0.9468647864896687,-0.749624450010289
460,2022-09-29 19:46:49.547000+00:00,28.351192678957453,-0.558406133638507,-0.9235718508858481,1.0591364819498787,-0.2009206450669762,-0.7979975974272989,-0.6078604687594,-0.9848508330496298
461,2022-09-29 19:46:49.674000+00:00,34.359257837839976,-0.6384377084940819,-0.7263450186601974,-0.7806514141562145,0.0008814783407465205,-0.5417165718223476,-0.5756592996532702,-0.1650292024621523
462,2022-09-29 19:46:49.801000+00:00,36.09706710829751,-0.5258818812552727,0.17432410697230766,-0.11495798863099209,-0.6377007533990714,0.39792351879033205,-0.974397806347249,-0.37543063704803187
463,2022-09-29 19:46:49.928000+00:00,48.72432448587525,-0.11394559220826103,0.04931901971639078,0.6595449999384149,-0.6664663046816635,1.7884340327262813,0.33598778093760756,-1.0075599491604497
464,2022-09-29 19:46:50.055000+00:00,55.40393199082802,0.4270183780211643,0.5907410523579343,-0.5719757346728186,-1.0275573738950117,0.4648185092284471,0.5867274458428859,-0.3668656669282792
465,2022-09-29 19:46:50.182000+00:00,49.550561261219684,0.7719867786716635,1.4168887540861568,-1.0747963919274026,-0.6411451626916062,0.3814871122637964,-0.6597789590752225,-0.39028567923408725
466,2022-09-29 19:46:50.309000+00:00,69.30522178554438,0.7153484600263845,0.6735587813743855,0.2173608541379303,2.0,-1.0208222771420485,0.9136896548474795,-0.39550405791621907
467,2022-09-29 19:46:50.436000+00:00,73.40883447613652,0.34766242038399653,0.4346680888136551,-0.3439911248170485,-0.3794499474318448,0.6463509371145653,0.6439509002191416,0.7970140936731693
468,2022-09-29 19:46:50.563000+00:00,98.87305920661231,-0.049024839167658776,-0.07003456726874643,-1.1136235853690244,0.4343974706570414,-0.42631185710335584,0.5519184059368433,2.0
469,2022-09-29 19:46:50.690000+00:00,71.61880356130088,-0.22358616725682903,0.08049684557111274,0.012994106169760737,-0.1798938720956681,0.23017226941109445,0.8401681965106662,0.9607096104266085
470,2022-09-29 19:46:50.817000+00:00,77.54013458805967,-0.08276437393474723,-0.4265710833102328,-0.18364603401055754,-0.35613518995040216,-0.7066563121197288,0.10280370340328132,2.0
471,2022-09-29 19:46:50.944000+00:00,68.50036287198813,0.22677914846705272,-0.34814619114223416,-0.1308490306956952,0.637060202493895,0.3177011728208314,0.10194265812085058,0.8352982618753857
472,2022-09-29 19:46:51.071000+00:00,62.02782860161031,0.4224118504418436,-0.5091092566314469,-0.19526832329777377,-0.5726047114504159,-0.03222896057659293,-0.3251233564819452,0.8682759806597228
473,2022-09-29 19:46:51.198000+00:00,73.34043640974625,0.2525367505268045,-0.07164139235215919,-0.8263932237180829,-1.0380496015952074,-0.8545537226268172,-0.6468027195565156,2.0
474,2022-09-29 19:46:51.325000+00:00,41.248270821517494,-0.2149515546219304,0.5496053625327706,-1.1893100610653746,-0.5030239267083125,-0.9155978299206338,-0.7236160615932373,0.18986482052983475
475,2022-09-29 19:46:51.452000+00:00,37.933442170310755,-0.5255964370572384,1.3650666329948453,-0.49454576082812113,-0.3976749793177595,-0.6157322433303469,-0.22154464743646232,-0.6358581861542859
476,2022-09-29 19:46:51.579000+00:00,71.80238702604427,-0.4457842518876148,1.0448245252094375,-0.2743244057255575,0.6769731585024611,-0.21344811909530204,1.3922447565227245,0.5887758768181423
477,2022-09-29 19:46:51.706000+00:00,37.702763116307175,-0.19859949707107677,0.6549818828851515,-1.361227158620214,-0.6954601492929413,-1.0310819720869335,-0.452100148304506,-0.15709786294585887
478,2022-09-29 19:46:51.833000+00:00,37.2924319104653,-0.06572959908768422,1.1140239698903662,-1.295511851761554,0.3271757295867037,-0.3907314440133857,-0.5747682898467306,-0.6937704702083135
479,2022-09-29 19:46:51.960000+00:00,37.8239202365808,-0.08046982262508115,0.7096122175141393,-0.08549095308238595,-1.0283053073131694,-0.8954504783902583,-0.9139640465482608,-0.2708123278141076
480,2022-09-29 19:46:52.087000+00:00,48.54265320807458,-0.11664691061042133,0.4431346020939062,-1.1432809563013755,0.10068832375944729,-0.424115075001487,0.3638522021224962,-0.2094713240633687
481,2022-09-29 19:46:52.214000+00:00,86.79451665461467,-0.05467269853397579,1.3124628546709436,-0.21132332762955233,0.19996495505866052,1.1708760564080105,-0.6989426965772952,2.0
482,2022-09-29 19:46:52.341000+00:00,50.66449744213294,0.06792908009297192,0.9053674989666205,-0.7842634396362461,0.8183319622969363,-0.2471055426930336,-0.39228243531965473,-0.10763194824856476
483,2022-09-29 19:46:52.468000+00:00,42.44193835816789,0.13377807690710614,1.0670728410053771,0.7269793985091445,-0.9236068924797017,-0.1651070562169725,-0.5794741820144897,-0.7713967700260997
484,2022-09-29 19:46:52.595000+00:00,58.257802370671264,0.13455178274840882,0.873946110125186,0.5114521965683593,0.0016983406073827736,1.4600856303401757,-0.14625841268004067,-0.35657237168185896
485,2022-09-29 19:46:52.722000+00:00,65.95074526140672,0.1448127324028723,0.5583023403426269,-0.4996399709399705,-0.04228162154363253,0.5390562242681911,2.0,-0.5933023173778084
486,2022-09-29 19:46:52.849000+00:00,68.22471378632532,0.17350797138862645,0.6133639995360982,0.5132256671084025,-0.019652175051569173,0.45841604697592814,-0.7172141207478486,1.0352783497403861
487,2022-09-29 19:46:52.976000+00:00,100.0,0.14425421571492478,0.08321815674360372,0.3192918309459902,1.3821285068502325,-0.802996884967328,0.4646928728104141,2.0
488,2022-09-29 19:46:53.103000+00:00,71.1444453308204,0.11200437021471017,0.3669872560850835,-0.15837426298388813,0.6721677264760086,-1.2278641234685463,1.0653640184032576,0.7791457818949852
489,2022-09-29 19:46:53.230000+00:00,56.68684874226569,0.11702218026944912,-0.44680612364939654,-1.1702679959759659,0.04418161314035659,-1.1146728016062972,1.2240485709024576,0.14917878006916888
490,2022-09-29 19:46:53.357000+00:00,83.52920508962406,0.08256950356813904,-0.23634416592086074,-1.1406241152366177,0.20228897486737113,-0.1379890459488138,2.0,0.748160042540507
491,2022-09-29 19:46:53.484000+00:00,47.867861252425406,-0.030506404185886085,-0.4326012925298639,-0.16251558640686334,-1.090874867091316,0.045656714383968296,-0.513326520258022,0.2579728880850469
492,2022-09-29 19:46:53.611000+00:00,82.84396831236884,-0.13968740612822547,-0.646930075451298,-1.1244232804005798,-0.8929211276742146,0.3444419592205358,1.7669315769126364,1.7806090787465243
493,2022-09-29 19:46:53.738000+00:00,38.86210672808177,-0.21892976471687856,-0.04052694844666934,-0.5414326387570206,-0.923523251906445,-0.35705546240200775,-0.16434297693656483,-0.42174874935299134
494,2022-09-29 19:46:53.865000+00:00,59.54589807164046,-0.28495321039465515,0.801023808448993,-0.3549435468323213,0.4891743889477983,2.0,0.5745299108276076,-1.0081952919135664
495,2022-09-29 19:46:53.992000+00:00,58.52965780288155,-0.22279752972131217,0.823538827380161,-0.31635370722656597,-0.6900790488987731,-0.9102724186923744,0.2128650462521098,0.6732345076377861
496,2022-09-29 19:46:54.119000+00:00,73.49165324216153,0.029797052103745978,1.342300432082615,-0.5331909742163965,0.6704466485406487,1.6160621715368508,0.6738725760197841,0.3613079063595371
497,2022-09-29 19:46:54.246000+00:00,44.22691879887939,0.3388952359230329,1.4791843972707615,-0.8635263496773246,-0.8350081993556264,1.7692971293408328,-0.6756873316983987,-0.9093821406769276
498,2022-09-29 19:46:54.373000+00:00,48.336476317069405,0.5018036733970752,-0.11894169434834459,-1.405179249595484,-0.25070173140823526,0.7183533888483504,0.08398640569701549,-0.48056146249713605
499,2022-09-29 19:46:54.500000+00:00,65.69733727505145,0.5120497357256836,-0.23647185850551938,-0.6184210582407912,-0.08435551196250528,-0.7593290700221891,-0.4182959952033138,1.2893867181449976
500,2022-09-29 19:46:54.627000+00:00,52.499552627780325,0.5189373757077624,-0.26532805723316244,0.15764873478069405,-0.40487560830708075,0.2956709777367024,-0.8038925710690815,0.10754390772501767
501,2022-09-29 19:46:54.754000+00:00,52.76520792025448,0.5980890473729438,0.6188853875742409,1.0514779751077667,1.1437788829646311,0.8655664641753303,-0.6044227595768993,-0.940781592247402
502,2022-09-29 19:46:54.881000+00:00,55.64159257342965,0.6713546647519123,1.6016535524070854,2.0,-0.67567692050052,-0.6082165105399445,-0.23717151518122218,-0.7924544672687097
503,2022-09-29 19:46:55.008000+00:00,55.696861353420964,0.5792230496661109,2.0,2.0,0.9383397606042746,-0.6406446856006951,-1.134595900493101,-0.6786753247997864
504,2022-09-29 19:46:55.135000+00:00,44.93762743729973,0.4162647059566249,1.3576464717839922,-0.41272326375793467,0.950730240974646,0.4161935807648602,-0.8804759592366845,-0.8702953718075749
505,2022-09-29 19:46:55.262000+00:00,59.30346724328719,0.43333630357931785,0.5502515208102892,-0.5144724756303777,-0.14621537701454806,-0.3900263867327657,0.0889555510918939,0.26362888467092216
506,2022-09-29 19:46:55.389000+00:00,67.68257118841318,0.6402388029110586,0.8262308200711124,-0.6733737195055003,2.0,2.0,1.0604129111304317,-1.0025474255288238
507,2022-09-29 19:46:55.516000+00:00,86.8564312570329,0.8760520678013969,0.22487984050491147,-0.9081368182433086,0.3040424952446584,-0.6765803173716409,2.0,0.5240823462984031
508,2022-09-29 19:46:55.643000+00:00,63.48956137674319,0.9211173218770545,-0.20490007401286953,-0.6768581755248496,0.12683661563129106,-0.8758071437680619,2.0,-1.0403338082692979
509,2022-09-29 19:46:55.770000+00:00,41.76639757735347,0.7131681776719054,-0.08541726524955355,-0.015516232883876347,-0.7433003172321897,-0.9891631521217761,0.44633760908715336,-1.1491880085347623
510,2022-09-29 19:46:55.897000+00:00,56.321198406705896,0.38339887200163647,-0.35476646112006166,-0.08580579348046742,0.9220495321897515,-0.9613456019976497,0.9382336599743865,-0.40082215695818224
511,2022-09-29 19:46:56.024000+00:00,44.00631220634844,0.16836654909852536,0.6610463359699185,-0.7961491000171859,-0.17983735169394083,-0.4910232377525795,0.5424466178381976,-0.9037111506505486
512,2022-09-29 19:46:56.151000+00:00,76.05888048556199,0.1272513533090803,0.26640319631765924,-0.36860906267045734,1.0594534482153173,0.860367705647085,2.0,-0.11152877771562648
513,2022-09-29 19:46:56.278000+00:00,44.2273309558029,0.024154054034474747,1.295947202793711,-1.2050334043922162,-0.7932749326913378,-0.24109965540905293,0.833604400754364,-0.951025304684826
514,2022-09-29 19:46:56.405000+00:00,57.80846076259756,-0.22872624893304047,-0.31329699305061354,-0.7612808807678123,-0.7058097108285182,0.9865524844119357,1.1755699995352364,-0.07025998141849198
515,2022-09-29 19:46:56.532000+00:00,54.827029525575924,-0.3363028295670405,0.20588735641646558,-0.5866758440358811,-0.5097471117061293,0.6493238066829045,1.225550982807163,-0.3712704467574764
516,2022-09-29 19:46:56.659000+00:00,44.35319116864434,-0.04385336777720293,0.16836429652268003,-0.37643237589854706,-0.8718411105287793,-0.16103495526231296,0.704832358357402,-0.7908334866840386
517,2022-09-29 19:46:56.786000+00:00,55.99613863193128,0.39078704798087915,0.7167006787510576,-0.5729775939573736,0.30371571261406355,0.004841335679872778,0.5607148121050844,-0.4548077521696795
518,2022-09-29 19:46:56.913000+00:00,54.773120577196394,0.6015926681198142,0.7384102655865173,-1.2449442277564835,-0.31968207432526147,0.17327701362304535,0.34294883814185373,-0.2955798406650609
519,2022-09-29 19:46:57.040000+00:00,54.481024710897366,0.5857666459703379,-0.21122047902782248,-0.5076065778842863,0.16681118193297542,-0.8664026189854437,1.7279126481340974,-0.9308000340552364
520,2022-09-29 19:46:57.167000+00:00,48.40608856331591,0.5425641978995264,0.6308591246772919,-0.3264631443068675,1.054164997222709,-0.1383008101526394,-0.247413381960285,-0.7954349615768168
521,2022-09-29 19:46:57.294000+00:00,100.0,0.5712816475843383,0.2012116211603999,1.6020658675680433,-0.8823122343255783,1.4420486136403203,2.0,1.160255721084551
522,2022-09-29 19:46:57.421000+00:00,100.0,0.6421852946161245,-0.610709721920859,-0.7913265999620179,0.9572024094689463,1.1386565997517497,2.0,2.0
523,2022-09-29 19:46:57.548000+00:00,79.01541274700227,0.6994611732363131,-0.6732335685211274,-1.2538781119766051,-0.4504695335158146,2.0,0.283663725607956,1.1341293418767626
524,2022-09-29 19:46:57.675000+00:00,53.44440948382297,0.6704627475644619,-0.3192612730524282,0.8849454430443198,-0.503848407429319,0.24535547066135607,-0.24068778942424182,-0.40042960135494915
525,2022-09-29 19:46:57.802000+00:00,67.03141156089893,0.5901960927414934,-0.8182939656429256,1.0915560427157698,2.0,1.4353567356857164,0.3000953414826911,-0.5454792036984518
526,2022-09-29 19:46:57.929000+00:00,62.58991146302565,0.5053468108497449,-0.6374219963277495,1.9628988018493398,0.05838132676345632,-0.8804037214260033,-0.8574875662648366,0.7277733865999142
527,2022-09-29 19:46:58.056000+00:00,55.35638185497583,0.3226211513944784,-0.462537608188908,1.3112522794368924,-0.3288858436296351,-0.8909476402230107,0.42101259439138006,-0.24677800553373674
528,2022-09-29 19:46:58.183000+00:00,45.998318279299426,0.08134080694732292,-0.8221969857045452,0.061382148458008434,-0.47235144759724224,0.4397799689635563,-0.9548076390417111,0.11253849499604227
529,2022-09-29 19:46:58.310000+00:00,53.90369959431323,0.025913514975264312,-1.030340650787088,0.9346164266717436,-0.4886401253721609,1.2678754014349753,-0.4187402290682843,0.019063970062194995
530,2022-09-29 19:46:58.437000+00:00,58.97116829324273,0.2679280529295811,-0.9485798870887883,0.18123422118950894,-0.7825602577446403,-0.507182786103837,2.0,-0.6342494790769139
531,2022-09-29 19:46:58.564000+00:00,60.17864035526112,0.6217436397627547,-0.35100108734795826,-0.9976344495649531,2.0,1.8260994149805543,0.7653053477758985,-1.136157282363359
532,2022-09-29 19:46:58.691000+00:00,58.31336130125251,0.7944124797030955,-0.43100918092230683,-1.1098246273307377,-0.04173060341107118,0.23031252913884756,-0.14670871262639085,0.30216710314411305
533,2022-09-29 19:46:58.818000+00:00,91.3904807564775,0.7117423499398995,-0.21641255513642302,-0.564149001992575,-0.31282511947621816,0.31996308751479713,0.3034063458870872,2.0
